timestamp,http_code,time_total,time_connect,time_appconnect,time_starttransfer,size_download
2026-05-26T18:59:12+00:00,200,0.079267,0.011973,0.065165,0.079128,257
2026-05-26T18:59:12+00:00,200,0.075772,0.015705,0.047819,0.075667,257
2026-05-26T18:59:12+00:00,200,0.081747,0.011215,0.079906,0.081661,257
2026-05-26T18:59:12+00:00,200,0.078244,0.014119,0.051866,0.078105,257
2026-05-26T18:59:12+00:00,200,0.074993,0.011653,0.073557,0.074861,257
2026-05-26T18:59:14+00:00,200,0.093416,0.035570,0.079494,0.093315,257
2026-05-26T18:59:14+00:00,200,0.090822,0.032346,0.076444,0.090716,257
2026-05-26T18:59:14+00:00,200,0.079620,0.032036,0.067070,0.079443,257
2026-05-26T18:59:14+00:00,200,0.076276,0.037051,0.075282,0.076190,257
2026-05-26T18:59:14+00:00,200,0.053657,0.025702,0.047694,0.053573,257
2026-05-26T18:59:15+00:00,200,0.058811,0.018819,0.054560,0.058698,257
2026-05-26T18:59:15+00:00,200,0.069152,0.014953,0.054103,0.069030,257
2026-05-26T18:59:15+00:00,200,0.048251,0.009596,0.031538,0.048139,257
2026-05-26T18:59:15+00:00,200,0.068657,0.026485,0.053731,0.068541,257
2026-05-26T18:59:15+00:00,200,0.074223,0.030407,0.054092,0.074163,257
2026-05-26T18:59:16+00:00,200,0.093034,0.029649,0.082173,0.092916,257
2026-05-26T18:59:16+00:00,200,0.054138,0.004887,0.034533,0.054030,257
2026-05-26T18:59:16+00:00,200,0.094865,0.034763,0.093967,0.094784,257
2026-05-26T18:59:16+00:00,200,0.077603,0.015092,0.059374,0.077508,257
2026-05-26T18:59:16+00:00,200,0.068962,0.005079,0.062189,0.068790,257
2026-05-26T18:59:18+00:00,200,0.158729,0.009083,0.141257,0.158509,257
2026-05-26T18:59:17+00:00,200,0.168422,0.003207,0.120109,0.168263,257
2026-05-26T18:59:18+00:00,200,0.193332,0.026464,0.175045,0.193055,257
2026-05-26T18:59:17+00:00,200,0.163217,0.007745,0.151396,0.162964,257
2026-05-26T18:59:18+00:00,200,0.176751,0.024008,0.132549,0.176451,257
2026-05-26T18:59:19+00:00,200,0.142560,0.013316,0.084953,0.142352,257
2026-05-26T18:59:19+00:00,200,0.117918,0.004599,0.078001,0.117636,257
2026-05-26T18:59:19+00:00,200,0.124038,0.010813,0.116682,0.123820,257
2026-05-26T18:59:19+00:00,200,0.158237,0.018234,0.126171,0.144367,257
2026-05-26T18:59:19+00:00,200,0.132367,0.015996,0.092908,0.125250,257
2026-05-26T18:59:21+00:00,200,0.058781,0.006515,0.041234,0.058666,257
2026-05-26T18:59:21+00:00,200,0.057480,0.010235,0.046112,0.057352,257
2026-05-26T18:59:21+00:00,200,0.073239,0.036837,0.058198,0.073106,257
2026-05-26T18:59:21+00:00,200,0.053072,0.005686,0.040997,0.052956,257
2026-05-26T18:59:21+00:00,200,0.062997,0.000780,0.055243,0.062877,257
2026-05-26T18:59:22+00:00,200,0.026080,0.002021,0.019488,0.025994,257
2026-05-26T18:59:22+00:00,200,0.052520,0.023200,0.039205,0.052445,257
2026-05-26T18:59:22+00:00,200,0.031441,0.009124,0.023679,0.031324,257
2026-05-26T18:59:22+00:00,200,0.034172,0.014703,0.032411,0.034081,257
2026-05-26T18:59:22+00:00,200,0.030312,0.004130,0.024704,0.030205,257
2026-05-26T18:59:23+00:00,200,0.067757,0.007063,0.064331,0.067652,257
2026-05-26T18:59:23+00:00,200,0.071969,0.011537,0.060256,0.071839,257
2026-05-26T18:59:23+00:00,200,0.063205,0.005605,0.041703,0.063074,257
2026-05-26T18:59:23+00:00,200,0.074363,0.005329,0.053777,0.072595,257
2026-05-26T18:59:23+00:00,200,0.077663,0.001060,0.060526,0.077515,257
2026-05-26T18:59:24+00:00,200,0.093191,0.047964,0.078102,0.093081,257
2026-05-26T18:59:24+00:00,200,0.070561,0.024830,0.051865,0.070461,257
2026-05-26T18:59:24+00:00,200,0.052924,0.013770,0.041947,0.052847,257
2026-05-26T18:59:24+00:00,200,0.045575,0.007766,0.033199,0.045457,257
2026-05-26T18:59:24+00:00,200,0.063057,0.030935,0.056121,0.062980,257
2026-05-26T18:59:25+00:00,200,0.051057,0.005281,0.036541,0.050876,257
2026-05-26T18:59:25+00:00,200,0.047523,0.009807,0.042475,0.047439,257
2026-05-26T18:59:25+00:00,200,0.056587,0.007274,0.041681,0.056470,257
2026-05-26T18:59:25+00:00,200,0.070504,0.016659,0.066876,0.070407,257
2026-05-26T18:59:25+00:00,200,0.066539,0.024874,0.055354,0.066448,257
2026-05-26T18:59:27+00:00,200,0.039982,0.011798,0.034094,0.039858,257
2026-05-26T18:59:27+00:00,200,0.038664,0.009777,0.030070,0.038517,257
2026-05-26T18:59:27+00:00,200,0.047357,0.016520,0.038845,0.047057,257
2026-05-26T18:59:27+00:00,200,0.033629,0.006616,0.030340,0.033517,257
2026-05-26T18:59:27+00:00,200,0.031001,0.004365,0.024778,0.030748,257
2026-05-26T18:59:28+00:00,200,0.035076,0.001316,0.022017,0.034921,257
2026-05-26T18:59:28+00:00,200,0.041160,0.010515,0.031656,0.041066,257
2026-05-26T18:59:28+00:00,200,0.060860,0.021862,0.044507,0.060786,257
2026-05-26T18:59:28+00:00,200,0.053163,0.025936,0.044704,0.053096,257
2026-05-26T18:59:28+00:00,200,0.053502,0.019422,0.047230,0.053405,257
2026-05-26T18:59:29+00:00,200,0.093797,0.023149,0.077904,0.093666,257
2026-05-26T18:59:29+00:00,200,0.077020,0.008839,0.064175,0.076915,257
2026-05-26T18:59:29+00:00,200,0.079187,0.005006,0.064695,0.079099,257
2026-05-26T18:59:29+00:00,200,0.071345,0.041736,0.064673,0.071263,257
2026-05-26T18:59:29+00:00,200,0.060548,0.003426,0.047592,0.060449,257
2026-05-26T18:59:30+00:00,200,0.030338,0.006695,0.023445,0.030227,257
2026-05-26T18:59:30+00:00,200,0.027997,0.005183,0.021248,0.027913,257
2026-05-26T18:59:30+00:00,200,0.029834,0.009553,0.021341,0.029753,257
2026-05-26T18:59:30+00:00,200,0.023256,0.006549,0.020222,0.023169,257
2026-05-26T18:59:30+00:00,200,0.022404,0.006259,0.021095,0.022279,257
2026-05-26T18:59:31+00:00,200,0.133017,0.013352,0.101009,0.132915,257
2026-05-26T18:59:31+00:00,200,0.163296,0.028334,0.120815,0.157376,257
2026-05-26T18:59:31+00:00,200,0.153968,0.016571,0.133490,0.153741,257
2026-05-26T18:59:31+00:00,200,0.130719,0.011063,0.129159,0.130388,257
2026-05-26T18:59:31+00:00,200,0.144148,0.015769,0.126827,0.143905,257
2026-05-26T18:59:33+00:00,200,0.134929,0.024296,0.084280,0.134706,257
2026-05-26T18:59:33+00:00,200,0.154563,0.032589,0.141315,0.154432,257
2026-05-26T18:59:33+00:00,200,0.128842,0.008903,0.107600,0.128580,257
2026-05-26T18:59:33+00:00,200,0.132215,0.003838,0.105074,0.131959,257
2026-05-26T18:59:33+00:00,200,0.124808,0.002759,0.111725,0.116282,257
2026-05-26T18:59:34+00:00,200,0.070024,0.005200,0.062496,0.069877,257
2026-05-26T18:59:34+00:00,200,0.093281,0.028162,0.073289,0.093058,257
2026-05-26T18:59:34+00:00,200,0.105337,0.041433,0.098380,0.105177,257
2026-05-26T18:59:34+00:00,200,0.095373,0.024556,0.075420,0.095254,257
2026-05-26T18:59:34+00:00,200,0.109056,0.033045,0.104872,0.108849,257
2026-05-26T18:59:36+00:00,200,0.046377,0.015052,0.029846,0.046287,257
2026-05-26T18:59:36+00:00,200,0.050574,0.009812,0.037793,0.050497,257
2026-05-26T18:59:36+00:00,200,0.034784,0.009880,0.034090,0.034670,257
2026-05-26T18:59:36+00:00,200,0.054149,0.010383,0.040567,0.054018,257
2026-05-26T18:59:36+00:00,200,0.058186,0.011510,0.056952,0.058109,257
2026-05-26T18:59:37+00:00,200,0.034686,0.010390,0.028054,0.034544,257
2026-05-26T18:59:37+00:00,200,0.035442,0.001298,0.031403,0.035285,257
2026-05-26T18:59:37+00:00,200,0.036284,0.004866,0.022725,0.032694,257
2026-05-26T18:59:37+00:00,200,0.036663,0.010728,0.029092,0.036530,257
2026-05-26T18:59:37+00:00,200,0.024082,0.001380,0.018026,0.023922,257
2026-05-26T18:59:38+00:00,200,0.102291,0.003342,0.082987,0.102057,257
2026-05-26T18:59:38+00:00,200,0.125083,0.016316,0.113617,0.124939,257
2026-05-26T18:59:38+00:00,200,0.116266,0.021936,0.075769,0.116138,257
2026-05-26T18:59:38+00:00,200,0.132445,0.026030,0.114775,0.132271,257
2026-05-26T18:59:38+00:00,200,0.110671,0.004786,0.085176,0.110463,257
2026-05-26T18:59:40+00:00,200,0.107297,0.006776,0.089241,0.107095,257
2026-05-26T18:59:40+00:00,200,0.112168,0.000978,0.097491,0.111972,257
2026-05-26T18:59:40+00:00,200,0.105585,0.020384,0.083485,0.105390,257
2026-05-26T18:59:40+00:00,200,0.112718,0.032167,0.091064,0.112516,257
2026-05-26T18:59:40+00:00,200,0.110844,0.029375,0.096757,0.110615,257
2026-05-26T18:59:41+00:00,200,0.111269,0.032974,0.083666,0.111163,257
2026-05-26T18:59:41+00:00,200,0.097713,0.011014,0.089751,0.097564,257
2026-05-26T18:59:41+00:00,200,0.095612,0.028006,0.078428,0.095472,257
2026-05-26T18:59:41+00:00,200,0.102423,0.011320,0.101209,0.102221,257
2026-05-26T18:59:41+00:00,200,0.096978,0.023982,0.086835,0.096806,257
2026-05-26T18:59:42+00:00,200,0.063852,0.006926,0.026008,0.063760,257
2026-05-26T18:59:42+00:00,200,0.084886,0.015084,0.077192,0.084793,257
2026-05-26T18:59:42+00:00,200,0.078776,0.010681,0.055396,0.078680,257
2026-05-26T18:59:42+00:00,200,0.068936,0.006001,0.042054,0.068809,257
2026-05-26T18:59:42+00:00,200,0.094974,0.018611,0.084518,0.094923,257
2026-05-26T18:59:44+00:00,200,0.039414,0.005944,0.029776,0.039260,257
2026-05-26T18:59:44+00:00,200,0.034161,0.009707,0.026227,0.033995,257
2026-05-26T18:59:44+00:00,200,0.041443,0.008791,0.030459,0.041322,257
2026-05-26T18:59:44+00:00,200,0.037867,0.015920,0.031551,0.037292,257
2026-05-26T18:59:44+00:00,200,0.033353,0.012615,0.029776,0.033229,257
2026-05-26T18:59:45+00:00,200,0.078006,0.029487,0.063937,0.077876,257
2026-05-26T18:59:45+00:00,200,0.067948,0.019774,0.055430,0.067835,257
2026-05-26T18:59:45+00:00,200,0.061924,0.019622,0.040340,0.061612,257
2026-05-26T18:59:45+00:00,200,0.055116,0.006655,0.037825,0.054962,257
2026-05-26T18:59:45+00:00,200,0.077380,0.023145,0.063592,0.077298,257
2026-05-26T18:59:46+00:00,200,0.050369,0.001638,0.032634,0.050286,257
2026-05-26T18:59:46+00:00,200,0.065451,0.025853,0.051247,0.065347,257
2026-05-26T18:59:46+00:00,200,0.055418,0.029219,0.039120,0.055301,257
2026-05-26T18:59:46+00:00,200,0.051200,0.007700,0.048487,0.051090,257
2026-05-26T18:59:46+00:00,200,0.044455,0.009970,0.035358,0.044245,257
2026-05-26T18:59:47+00:00,200,0.015344,0.001749,0.014644,0.015248,257
2026-05-26T18:59:47+00:00,200,0.021541,0.006616,0.020906,0.021449,257
2026-05-26T18:59:47+00:00,200,0.033212,0.013095,0.031228,0.033111,257
2026-05-26T18:59:47+00:00,200,0.024347,0.006467,0.017467,0.024229,257
2026-05-26T18:59:47+00:00,200,0.022115,0.004302,0.018265,0.022001,257
2026-05-26T18:59:48+00:00,200,0.139287,0.005104,0.124631,0.138112,257
2026-05-26T18:59:48+00:00,200,0.155165,0.028332,0.132677,0.155037,257
2026-05-26T18:59:48+00:00,200,0.143066,0.011433,0.122293,0.142951,257
2026-05-26T18:59:48+00:00,200,0.132510,0.012944,0.106264,0.132268,257
2026-05-26T18:59:48+00:00,200,0.157290,0.024617,0.146193,0.157012,257
2026-05-26T18:59:50+00:00,200,0.180155,0.006965,0.147437,0.179778,257
2026-05-26T18:59:50+00:00,200,0.198195,0.008178,0.183044,0.184852,257
2026-05-26T18:59:50+00:00,200,0.143165,0.029555,0.116637,0.142839,257
2026-05-26T18:59:50+00:00,200,0.181780,0.044978,0.156996,0.181553,257
2026-05-26T18:59:50+00:00,200,0.185645,0.020894,0.167511,0.185329,257
2026-05-26T18:59:51+00:00,200,0.148807,0.048285,0.133180,0.148598,257
2026-05-26T18:59:51+00:00,200,0.114638,0.011149,0.087236,0.114453,257
2026-05-26T18:59:51+00:00,200,0.103542,0.001082,0.075354,0.103444,257
2026-05-26T18:59:51+00:00,200,0.094510,0.009518,0.074401,0.094348,257
2026-05-26T18:59:51+00:00,200,0.113387,0.026030,0.087134,0.113158,257
2026-05-26T18:59:53+00:00,200,0.079762,0.021219,0.056101,0.079654,257
2026-05-26T18:59:53+00:00,200,0.046343,0.024263,0.045657,0.046268,257
2026-05-26T18:59:53+00:00,200,0.055363,0.012555,0.038576,0.055283,257
2026-05-26T18:59:53+00:00,200,0.073112,0.028409,0.072253,0.073019,257
2026-05-26T18:59:53+00:00,200,0.064843,0.028724,0.048530,0.064798,257
2026-05-26T18:59:54+00:00,200,0.036804,0.015401,0.030043,0.036693,257
2026-05-26T18:59:54+00:00,200,0.036860,0.015057,0.029247,0.036709,257
2026-05-26T18:59:54+00:00,200,0.032010,0.009499,0.023753,0.031900,257
2026-05-26T18:59:54+00:00,200,0.034515,0.013687,0.030502,0.034466,257
2026-05-26T18:59:54+00:00,200,0.031500,0.007914,0.023677,0.031375,257
2026-05-26T18:59:55+00:00,200,0.099497,0.012108,0.067837,0.099395,257
2026-05-26T18:59:55+00:00,200,0.143318,0.036428,0.135999,0.143203,257
2026-05-26T18:59:55+00:00,200,0.107168,0.011566,0.097200,0.107040,257
2026-05-26T18:59:55+00:00,200,0.116298,0.003086,0.106558,0.116157,257
2026-05-26T18:59:55+00:00,200,0.121428,0.015545,0.091084,0.121196,257
2026-05-26T18:59:57+00:00,200,0.115612,0.010851,0.078910,0.115473,257
2026-05-26T18:59:57+00:00,200,0.114136,0.000908,0.102860,0.113865,257
2026-05-26T18:59:57+00:00,200,0.120245,0.006997,0.099770,0.120031,257
2026-05-26T18:59:57+00:00,200,0.136900,0.036436,0.103948,0.136815,257
2026-05-26T18:59:57+00:00,200,0.142837,0.024301,0.100178,0.115699,257
2026-05-26T18:59:58+00:00,200,0.122663,0.022026,0.115101,0.122428,257
2026-05-26T18:59:58+00:00,200,0.141455,0.021955,0.133341,0.141313,257
2026-05-26T18:59:58+00:00,200,0.105065,0.007457,0.086572,0.104878,257
2026-05-26T18:59:58+00:00,200,0.111615,0.007062,0.081586,0.111483,257
2026-05-26T18:59:58+00:00,200,0.132686,0.007720,0.103082,0.132408,257
2026-05-26T19:00:00+00:00,200,0.064899,0.014874,0.041324,0.064851,257
2026-05-26T19:00:00+00:00,200,0.063490,0.019002,0.046604,0.063410,257
2026-05-26T19:00:00+00:00,200,0.049345,0.006497,0.035601,0.048861,257
2026-05-26T19:00:00+00:00,200,0.036822,0.003169,0.026946,0.036732,257
2026-05-26T19:00:00+00:00,200,0.057209,0.008076,0.050315,0.057102,257
2026-05-26T19:00:01+00:00,200,0.021660,0.002255,0.014419,0.021563,257
2026-05-26T19:00:01+00:00,200,0.023192,0.006567,0.017680,0.023127,257
2026-05-26T19:00:01+00:00,200,0.027182,0.011398,0.022253,0.027083,257
2026-05-26T19:00:01+00:00,200,0.021724,0.008310,0.021148,0.021613,257
2026-05-26T19:00:01+00:00,200,0.019622,0.002359,0.014665,0.019517,257
2026-05-26T19:00:02+00:00,200,0.070926,0.006602,0.052662,0.070782,257
2026-05-26T19:00:02+00:00,200,0.068337,0.005633,0.051331,0.068168,257
2026-05-26T19:00:02+00:00,200,0.095774,0.027413,0.070648,0.095635,257
2026-05-26T19:00:02+00:00,200,0.062012,0.001323,0.051733,0.061845,257
2026-05-26T19:00:02+00:00,200,0.076991,0.012740,0.056321,0.076849,257
2026-05-26T19:00:03+00:00,200,0.109388,0.026745,0.079288,0.109197,257
2026-05-26T19:00:03+00:00,200,0.084310,0.007268,0.061855,0.084173,257
2026-05-26T19:00:03+00:00,200,0.092869,0.022638,0.077204,0.092705,257
2026-05-26T19:00:03+00:00,200,0.092676,0.004844,0.082141,0.092602,257
2026-05-26T19:00:03+00:00,200,0.105525,0.021841,0.076171,0.105351,257
2026-05-26T19:00:04+00:00,200,0.060648,0.006922,0.044590,0.060572,257
2026-05-26T19:00:04+00:00,200,0.074875,0.019271,0.052380,0.074763,257
2026-05-26T19:00:05+00:00,200,0.083740,0.030762,0.076313,0.083625,257
2026-05-26T19:00:05+00:00,200,0.068607,0.019054,0.067638,0.068517,257
2026-05-26T19:00:05+00:00,200,0.042969,0.004164,0.029427,0.042884,257
2026-05-26T19:00:06+00:00,200,0.055719,0.009740,0.040404,0.055480,257
2026-05-26T19:00:06+00:00,200,0.074735,0.016084,0.038608,0.074533,257
2026-05-26T19:00:06+00:00,200,0.080293,0.012761,0.045738,0.080070,257
2026-05-26T19:00:06+00:00,200,0.084501,0.007140,0.051230,0.084210,257
2026-05-26T19:00:06+00:00,200,0.083652,0.009237,0.062273,0.083410,257
2026-05-26T19:00:07+00:00,200,0.135445,0.027199,0.106846,0.135165,257
2026-05-26T19:00:07+00:00,200,0.114209,0.006642,0.076430,0.114083,257
2026-05-26T19:00:07+00:00,200,0.117217,0.013111,0.105808,0.116992,257
2026-05-26T19:00:07+00:00,200,0.132453,0.030398,0.115441,0.132201,257
2026-05-26T19:00:07+00:00,200,0.134753,0.014526,0.115841,0.134487,257
2026-05-26T19:00:08+00:00,200,0.119935,0.013515,0.107465,0.119424,257
2026-05-26T19:00:08+00:00,200,0.125946,0.010986,0.104575,0.125715,257
2026-05-26T19:00:08+00:00,200,0.123618,0.010504,0.110119,0.123501,257
2026-05-26T19:00:08+00:00,200,0.126197,0.017566,0.110258,0.125965,257
2026-05-26T19:00:08+00:00,200,0.137367,0.040665,0.103851,0.137114,257
2026-05-26T19:00:10+00:00,200,0.080812,0.001028,0.068801,0.080527,257
2026-05-26T19:00:10+00:00,200,0.087336,0.029342,0.071144,0.087195,257
2026-05-26T19:00:10+00:00,200,0.062582,0.010623,0.053449,0.062398,257
2026-05-26T19:00:10+00:00,200,0.080237,0.007519,0.045877,0.080119,257
2026-05-26T19:00:10+00:00,200,0.104053,0.041336,0.083681,0.103878,257
2026-05-26T19:00:11+00:00,200,0.072251,0.019601,0.066812,0.072135,257
2026-05-26T19:00:11+00:00,200,0.051473,0.010055,0.043701,0.051371,257
2026-05-26T19:00:11+00:00,200,0.061978,0.018268,0.061273,0.061842,257
2026-05-26T19:00:11+00:00,200,0.062099,0.003817,0.021040,0.037111,257
2026-05-26T19:00:11+00:00,200,0.048672,0.014732,0.033316,0.048577,257
2026-05-26T19:00:12+00:00,200,0.123110,0.018796,0.093912,0.122849,257
2026-05-26T19:00:12+00:00,200,0.110373,0.002255,0.077769,0.110281,257
2026-05-26T19:00:12+00:00,200,0.142047,0.031371,0.133947,0.141610,257
2026-05-26T19:00:12+00:00,200,0.110238,0.011142,0.082615,0.110119,257
2026-05-26T19:00:12+00:00,200,0.130985,0.026559,0.102302,0.130674,257
2026-05-26T19:00:14+00:00,200,0.120166,0.015587,0.092270,0.120031,257
2026-05-26T19:00:14+00:00,200,0.117605,0.007607,0.108831,0.117407,257
2026-05-26T19:00:14+00:00,200,0.121411,0.001479,0.109683,0.121247,257
2026-05-26T19:00:14+00:00,200,0.136147,0.016570,0.124217,0.135945,257
2026-05-26T19:00:14+00:00,200,0.123245,0.011182,0.102469,0.122953,257
2026-05-26T19:00:15+00:00,200,0.111022,0.014082,0.073862,0.110898,257
2026-05-26T19:00:15+00:00,200,0.107779,0.002360,0.075285,0.107670,257
2026-05-26T19:00:15+00:00,200,0.125284,0.032735,0.103574,0.125062,257
2026-05-26T19:00:15+00:00,200,0.105602,0.012459,0.095613,0.105372,257
2026-05-26T19:00:15+00:00,200,0.108175,0.021107,0.098922,0.107989,257
2026-05-26T19:00:17+00:00,200,0.081871,0.011150,0.063620,0.081676,257
2026-05-26T19:00:17+00:00,200,0.084320,0.024781,0.066978,0.084168,257
2026-05-26T19:00:17+00:00,200,0.068658,0.002768,0.045289,0.068475,257
2026-05-26T19:00:17+00:00,200,0.084856,0.028240,0.063049,0.084694,257
2026-05-26T19:00:17+00:00,200,0.089069,0.021790,0.070063,0.088957,257
2026-05-26T19:00:18+00:00,200,0.060939,0.014808,0.043752,0.060750,257
2026-05-26T19:00:18+00:00,200,0.089216,0.030646,0.067320,0.088931,257
2026-05-26T19:00:18+00:00,200,0.077645,0.023889,0.058609,0.077564,257
2026-05-26T19:00:18+00:00,200,0.078747,0.016820,0.058940,0.078653,257
2026-05-26T19:00:18+00:00,200,0.065322,0.008844,0.062869,0.065191,257
2026-05-26T19:00:19+00:00,200,0.145548,0.018423,0.115010,0.145268,257
2026-05-26T19:00:19+00:00,200,0.136167,0.009178,0.119634,0.135935,257
2026-05-26T19:00:19+00:00,200,0.142632,0.008088,0.108388,0.142399,257
2026-05-26T19:00:19+00:00,200,0.132414,0.002624,0.108220,0.132290,257
2026-05-26T19:00:19+00:00,200,0.165890,0.029638,0.148622,0.165750,257
2026-05-26T19:00:21+00:00,200,0.151371,0.030761,0.105342,0.151255,257
2026-05-26T19:00:21+00:00,200,0.179658,0.049752,0.155051,0.162042,257
2026-05-26T19:00:21+00:00,200,0.156468,0.041251,0.120299,0.156378,257
2026-05-26T19:00:21+00:00,200,0.128906,0.007869,0.106101,0.128654,257
2026-05-26T19:00:21+00:00,200,0.141992,0.032871,0.131762,0.141762,257
2026-05-26T19:00:22+00:00,200,0.164339,0.043586,0.128265,0.163772,257
2026-05-26T19:00:22+00:00,200,0.133551,0.016756,0.103615,0.133336,257
2026-05-26T19:00:22+00:00,200,0.136356,0.007724,0.094919,0.136267,257
2026-05-26T19:00:22+00:00,200,0.139167,0.003437,0.120742,0.138909,257
2026-05-26T19:00:22+00:00,200,0.149206,0.019490,0.133601,0.148964,257
2026-05-26T19:00:24+00:00,200,0.076977,0.001001,0.062548,0.076774,257
2026-05-26T19:00:24+00:00,200,0.093534,0.016475,0.092104,0.093431,257
2026-05-26T19:00:24+00:00,200,0.092499,0.044226,0.082046,0.092336,257
2026-05-26T19:00:24+00:00,200,0.070889,0.010758,0.066394,0.070744,257
2026-05-26T19:00:24+00:00,200,0.109562,0.038593,0.079665,0.109439,257
2026-05-26T19:00:25+00:00,200,0.022243,0.007432,0.019878,0.022172,257
2026-05-26T19:00:25+00:00,200,0.029176,0.012131,0.024970,0.029097,257
2026-05-26T19:00:25+00:00,200,0.025182,0.006297,0.017513,0.025022,257
2026-05-26T19:00:25+00:00,200,0.015782,0.002383,0.014069,0.015701,257
2026-05-26T19:00:25+00:00,200,0.027278,0.011929,0.022668,0.027179,257
2026-05-26T19:00:26+00:00,200,0.071154,0.005382,0.034620,0.050916,257
2026-05-26T19:00:26+00:00,200,0.054599,0.002989,0.048898,0.054504,257
2026-05-26T19:00:26+00:00,200,0.052116,0.013423,0.038606,0.051999,257
2026-05-26T19:00:26+00:00,200,0.054159,0.015202,0.039424,0.049662,257
2026-05-26T19:00:26+00:00,200,0.045766,0.011544,0.037974,0.045694,257
2026-05-26T19:00:27+00:00,200,0.081350,0.030160,0.070218,0.081233,257
2026-05-26T19:00:27+00:00,200,0.076464,0.022337,0.059563,0.076329,257
2026-05-26T19:00:27+00:00,200,0.083889,0.023017,0.062828,0.083802,257
2026-05-26T19:00:27+00:00,200,0.057167,0.008448,0.044424,0.057090,257
2026-05-26T19:00:27+00:00,200,0.071892,0.018789,0.062863,0.071796,257
2026-05-26T19:00:29+00:00,200,0.052582,0.009059,0.044882,0.052484,257
2026-05-26T19:00:29+00:00,200,0.070505,0.029137,0.057339,0.070455,257
2026-05-26T19:00:29+00:00,200,0.060235,0.014231,0.042864,0.060125,257
2026-05-26T19:00:29+00:00,200,0.054444,0.014590,0.045955,0.054344,257
2026-05-26T19:00:29+00:00,200,0.056080,0.008833,0.041655,0.055970,257
2026-05-26T19:00:30+00:00,200,0.119300,0.018750,0.081571,0.119067,257
2026-05-26T19:00:30+00:00,200,0.121462,0.028633,0.095518,0.121207,257
2026-05-26T19:00:30+00:00,200,0.119764,0.011420,0.086784,0.119511,257
2026-05-26T19:00:30+00:00,200,0.142272,0.041308,0.116413,0.142085,257
2026-05-26T19:00:30+00:00,200,0.129706,0.032512,0.104110,0.129478,257
2026-05-26T19:00:31+00:00,200,0.129312,0.006918,0.071352,0.128890,257
2026-05-26T19:00:31+00:00,200,0.152184,0.007403,0.132332,0.151982,257
2026-05-26T19:00:31+00:00,200,0.151798,0.007300,0.128882,0.151217,257
2026-05-26T19:00:31+00:00,200,0.164076,0.024211,0.161865,0.163903,257
2026-05-26T19:00:31+00:00,200,0.137923,0.014035,0.101595,0.137667,257
2026-05-26T19:00:33+00:00,200,0.171260,0.022595,0.169421,0.170797,257
2026-05-26T19:00:33+00:00,200,0.157253,0.022456,0.114210,0.157160,257
2026-05-26T19:00:33+00:00,200,0.158634,0.013984,0.132242,0.158397,257
2026-05-26T19:00:33+00:00,200,0.171880,0.036473,0.151781,0.171761,257
2026-05-26T19:00:33+00:00,200,0.153406,0.011412,0.141228,0.153096,257
2026-05-26T19:00:34+00:00,200,0.089189,0.044536,0.070560,0.089086,257
2026-05-26T19:00:34+00:00,200,0.068387,0.007253,0.065990,0.068262,257
2026-05-26T19:00:34+00:00,200,0.091001,0.028888,0.085548,0.090851,257
2026-05-26T19:00:34+00:00,200,0.050297,0.000511,0.031570,0.050116,257
2026-05-26T19:00:34+00:00,200,0.083805,0.007173,0.061159,0.083640,257
2026-05-26T19:00:35+00:00,200,0.027965,0.006080,0.021201,0.027850,257
2026-05-26T19:00:35+00:00,200,0.025279,0.000599,0.017003,0.025159,257
2026-05-26T19:00:35+00:00,200,0.028054,0.006521,0.018271,0.027992,257
2026-05-26T19:00:35+00:00,200,0.031022,0.009786,0.023520,0.027974,257
2026-05-26T19:00:35+00:00,200,0.022151,0.004413,0.015971,0.022051,257
2026-05-26T19:00:37+00:00,200,0.115883,0.009364,0.089330,0.115616,257
2026-05-26T19:00:37+00:00,200,0.119837,0.007005,0.109573,0.119663,257
2026-05-26T19:00:37+00:00,200,0.123783,0.022016,0.088681,0.123545,257
2026-05-26T19:00:37+00:00,200,0.137603,0.026302,0.108743,0.137268,257
2026-05-26T19:00:37+00:00,200,0.147694,0.045325,0.126507,0.147466,257
2026-05-26T19:00:38+00:00,200,0.119678,0.009814,0.117241,0.119416,257
2026-05-26T19:00:38+00:00,200,0.117709,0.024091,0.091305,0.117462,257
2026-05-26T19:00:38+00:00,200,0.118894,0.014118,0.101206,0.118657,257
2026-05-26T19:00:38+00:00,200,0.132251,0.022896,0.084180,0.132056,257
2026-05-26T19:00:38+00:00,200,0.109102,0.011227,0.097192,0.108889,257
2026-05-26T19:00:40+00:00,200,0.161005,0.044435,0.115224,0.160758,257
2026-05-26T19:00:40+00:00,200,0.125328,0.005997,0.091747,0.125026,257
2026-05-26T19:00:40+00:00,200,0.128348,0.020135,0.104878,0.128118,257
2026-05-26T19:00:40+00:00,200,0.127512,0.017820,0.097719,0.127382,257
2026-05-26T19:00:40+00:00,200,0.148561,0.025949,0.129036,0.148291,257
2026-05-26T19:00:41+00:00,200,0.067321,0.014659,0.046360,0.067173,257
2026-05-26T19:00:41+00:00,200,0.062812,0.005688,0.061913,0.062728,257
2026-05-26T19:00:41+00:00,200,0.074930,0.007567,0.063380,0.074776,257
2026-05-26T19:00:41+00:00,200,0.064453,0.008419,0.053728,0.064320,257
2026-05-26T19:00:41+00:00,200,0.081830,0.032906,0.066918,0.081684,257
2026-05-26T19:00:42+00:00,200,0.023954,0.005775,0.019740,0.023787,257
2026-05-26T19:00:42+00:00,200,0.029415,0.008557,0.025086,0.029341,257
2026-05-26T19:00:42+00:00,200,0.021361,0.003143,0.018302,0.021244,257
2026-05-26T19:00:42+00:00,200,0.025809,0.008612,0.022928,0.025692,257
2026-05-26T19:00:42+00:00,200,0.019028,0.001122,0.016655,0.018916,257
2026-05-26T19:00:43+00:00,200,0.127478,0.030576,0.106984,0.127284,257
2026-05-26T19:00:43+00:00,200,0.114534,0.003232,0.089895,0.114368,257
2026-05-26T19:00:43+00:00,200,0.143311,0.038861,0.131034,0.143047,257
2026-05-26T19:00:43+00:00,200,0.118365,0.018937,0.110490,0.118160,257
2026-05-26T19:00:43+00:00,200,0.138980,0.030972,0.100530,0.138707,257
2026-05-26T19:00:45+00:00,200,0.108458,0.000853,0.100800,0.108252,257
2026-05-26T19:00:45+00:00,200,0.131471,0.028675,0.114034,0.131215,257
2026-05-26T19:00:45+00:00,200,0.132161,0.027107,0.122510,0.131956,257
2026-05-26T19:00:45+00:00,200,0.116292,0.015312,0.084407,0.116058,257
2026-05-26T19:00:45+00:00,200,0.096438,0.000921,0.069523,0.096211,257
2026-05-26T19:00:46+00:00,200,0.103239,0.012518,0.089531,0.102992,257
2026-05-26T19:00:46+00:00,200,0.113375,0.009976,0.083225,0.113198,257
2026-05-26T19:00:46+00:00,200,0.092402,0.007371,0.078048,0.092187,257
2026-05-26T19:00:46+00:00,200,0.144021,0.032970,0.099917,0.143886,257
2026-05-26T19:00:46+00:00,200,0.122197,0.024467,0.099251,0.121992,257
2026-05-26T19:00:48+00:00,200,0.068102,0.010226,0.052842,0.067936,257
2026-05-26T19:00:48+00:00,200,0.062806,0.005431,0.046540,0.062670,257
2026-05-26T19:00:48+00:00,200,0.063289,0.004685,0.040392,0.063219,257
2026-05-26T19:00:48+00:00,200,0.077973,0.022186,0.060651,0.077875,257
2026-05-26T19:00:48+00:00,200,0.073607,0.009925,0.064906,0.073511,257
2026-05-26T19:00:49+00:00,200,0.034468,0.011531,0.026700,0.034354,257
2026-05-26T19:00:49+00:00,200,0.027262,0.006967,0.022598,0.027165,257
2026-05-26T19:00:49+00:00,200,0.022077,0.003072,0.017528,0.021952,257
2026-05-26T19:00:49+00:00,200,0.025613,0.005812,0.022431,0.025510,257
2026-05-26T19:00:49+00:00,200,0.021467,0.004537,0.017240,0.021346,257
2026-05-26T19:00:50+00:00,200,0.150989,0.018990,0.149199,0.150833,257
2026-05-26T19:00:50+00:00,200,0.156418,0.022212,0.110024,0.156260,257
2026-05-26T19:00:50+00:00,200,0.163626,0.025732,0.147084,0.163382,257
2026-05-26T19:00:50+00:00,200,0.151016,0.032739,0.149418,0.150863,257
2026-05-26T19:00:50+00:00,200,0.174260,0.019152,0.155300,0.174025,257
2026-05-26T19:00:52+00:00,200,0.110891,0.003791,0.100840,0.110463,257
2026-05-26T19:00:52+00:00,200,0.105669,0.012780,0.086818,0.105422,257
2026-05-26T19:00:52+00:00,200,0.125018,0.020121,0.119576,0.124792,257
2026-05-26T19:00:52+00:00,200,0.113937,0.008120,0.070141,0.113776,257
2026-05-26T19:00:52+00:00,200,0.108507,0.008756,0.082828,0.108390,257
2026-05-26T19:00:53+00:00,200,0.122053,0.002012,0.120541,0.121793,257
2026-05-26T19:00:53+00:00,200,0.136830,0.013946,0.100472,0.136714,257
2026-05-26T19:00:53+00:00,200,0.140808,0.035340,0.112039,0.140601,257
2026-05-26T19:00:53+00:00,200,0.137910,0.034233,0.097027,0.137835,257
2026-05-26T19:00:53+00:00,200,0.136328,0.012567,0.123253,0.136190,257
2026-05-26T19:00:55+00:00,200,0.063404,0.009245,0.049229,0.063241,257
2026-05-26T19:00:55+00:00,200,0.075692,0.016197,0.072134,0.075579,257
2026-05-26T19:00:55+00:00,200,0.056978,0.005572,0.042909,0.056819,257
2026-05-26T19:00:55+00:00,200,0.049965,0.009706,0.037141,0.049768,257
2026-05-26T19:00:55+00:00,200,0.066458,0.015214,0.048153,0.066310,257
2026-05-26T19:00:56+00:00,200,0.029933,0.010035,0.022605,0.029757,257
2026-05-26T19:00:56+00:00,200,0.038582,0.012204,0.027771,0.038530,257
2026-05-26T19:00:56+00:00,200,0.023100,0.003193,0.021840,0.022987,257
2026-05-26T19:00:56+00:00,200,0.029901,0.009118,0.028652,0.029786,257
2026-05-26T19:00:56+00:00,200,0.019971,0.001564,0.011043,0.019824,257
2026-05-26T19:00:57+00:00,200,0.213476,0.074514,0.171722,0.213365,257
2026-05-26T19:00:57+00:00,200,0.146479,0.010744,0.115347,0.146299,257
2026-05-26T19:00:57+00:00,200,0.198704,0.073840,0.186110,0.198450,257
2026-05-26T19:00:57+00:00,200,0.215982,0.076582,0.194035,0.215689,257
2026-05-26T19:00:57+00:00,200,0.140305,0.011360,0.120806,0.139977,257
2026-05-26T19:00:59+00:00,200,0.130801,0.029348,0.120182,0.130516,257
2026-05-26T19:00:59+00:00,200,0.141493,0.024138,0.135783,0.141329,257
2026-05-26T19:00:59+00:00,200,0.121569,0.008569,0.091381,0.121371,257
2026-05-26T19:00:59+00:00,200,0.117856,0.019160,0.093204,0.117590,257
2026-05-26T19:00:59+00:00,200,0.117316,0.002382,0.109525,0.117107,257
2026-05-26T19:01:00+00:00,200,0.092955,0.017330,0.070570,0.092719,257
2026-05-26T19:01:00+00:00,200,0.090761,0.005576,0.084102,0.090596,257
2026-05-26T19:01:00+00:00,200,0.069602,0.015766,0.050225,0.069419,257
2026-05-26T19:01:00+00:00,200,0.103617,0.044578,0.096325,0.103493,257
2026-05-26T19:01:00+00:00,200,0.093729,0.017529,0.075586,0.093446,257
2026-05-26T19:01:02+00:00,200,0.069213,0.014879,0.057476,0.069108,257
2026-05-26T19:01:02+00:00,200,0.061515,0.014277,0.044135,0.061406,257
2026-05-26T19:01:02+00:00,200,0.049996,0.007651,0.035188,0.049887,257
2026-05-26T19:01:02+00:00,200,0.049366,0.014699,0.039901,0.049269,257
2026-05-26T19:01:02+00:00,200,0.041808,0.010936,0.033901,0.041705,257
2026-05-26T19:01:03+00:00,200,0.036824,0.008336,0.029248,0.036567,257
2026-05-26T19:01:03+00:00,200,0.027237,0.000604,0.019174,0.027026,257
2026-05-26T19:01:03+00:00,200,0.038209,0.016163,0.030605,0.038063,257
2026-05-26T19:01:03+00:00,200,0.030623,0.004123,0.021243,0.030495,257
2026-05-26T19:01:03+00:00,200,0.031475,0.003574,0.026864,0.031390,257
2026-05-26T19:01:04+00:00,200,0.123879,0.029990,0.084498,0.123685,257
2026-05-26T19:01:04+00:00,200,0.133973,0.016687,0.099839,0.133830,257
2026-05-26T19:01:04+00:00,200,0.128147,0.013096,0.126073,0.127876,257
2026-05-26T19:01:04+00:00,200,0.128254,0.004810,0.126480,0.128108,257
2026-05-26T19:01:04+00:00,200,0.144387,0.033305,0.116883,0.144238,257
2026-05-26T19:01:05+00:00,200,0.132514,0.019747,0.117001,0.132406,257
2026-05-26T19:01:05+00:00,200,0.114208,0.017207,0.099335,0.114022,257
2026-05-26T19:01:05+00:00,200,0.128997,0.015842,0.127137,0.128701,257
2026-05-26T19:01:05+00:00,200,0.133089,0.015627,0.087538,0.120159,257
2026-05-26T19:01:05+00:00,200,0.116677,0.004333,0.088298,0.116453,257
2026-05-26T19:01:07+00:00,200,0.109249,0.021667,0.086543,0.108944,257
2026-05-26T19:01:07+00:00,200,0.089331,0.001383,0.082147,0.089148,257
2026-05-26T19:01:07+00:00,200,0.107437,0.025750,0.099805,0.107247,257
2026-05-26T19:01:07+00:00,200,0.118750,0.045053,0.092054,0.118544,257
2026-05-26T19:01:07+00:00,200,0.096962,0.002440,0.077543,0.096756,257
2026-05-26T19:01:08+00:00,200,0.078718,0.030759,0.058311,0.078554,257
2026-05-26T19:01:08+00:00,200,0.051299,0.010923,0.042264,0.051240,257
2026-05-26T19:01:08+00:00,200,0.074876,0.026435,0.056018,0.074808,257
2026-05-26T19:01:08+00:00,200,0.041646,0.004892,0.030254,0.041592,257
2026-05-26T19:01:08+00:00,200,0.059573,0.017816,0.053669,0.059483,257
2026-05-26T19:01:09+00:00,200,0.035570,0.015954,0.034577,0.035412,257
2026-05-26T19:01:09+00:00,200,0.038784,0.006435,0.028161,0.038635,257
2026-05-26T19:01:09+00:00,200,0.038449,0.006629,0.034563,0.038267,257
2026-05-26T19:01:09+00:00,200,0.044176,0.010579,0.032806,0.044027,257
2026-05-26T19:01:09+00:00,200,0.037423,0.002120,0.023800,0.037230,257
2026-05-26T19:01:11+00:00,200,0.138340,0.011745,0.127589,0.138210,257
2026-05-26T19:01:11+00:00,200,0.122494,0.005822,0.109965,0.122249,257
2026-05-26T19:01:11+00:00,200,0.133027,0.014993,0.120986,0.132774,257
2026-05-26T19:01:11+00:00,200,0.127806,0.022278,0.100200,0.127608,257
2026-05-26T19:01:11+00:00,200,0.125078,0.022547,0.113201,0.124988,257
2026-05-26T19:01:12+00:00,200,0.126264,0.020643,0.107680,0.126023,257
2026-05-26T19:01:12+00:00,200,0.127008,0.007507,0.082686,0.126855,257
2026-05-26T19:01:12+00:00,200,0.139172,0.003724,0.089282,0.113734,257
2026-05-26T19:01:12+00:00,200,0.164842,0.023714,0.104235,0.164723,257
2026-05-26T19:01:12+00:00,200,0.154053,0.026021,0.124563,0.153817,257
2026-05-26T19:01:14+00:00,200,0.111382,0.019369,0.103969,0.111133,257
2026-05-26T19:01:14+00:00,200,0.122082,0.014365,0.089038,0.121813,257
2026-05-26T19:01:14+00:00,200,0.125259,0.022220,0.113783,0.125055,257
2026-05-26T19:01:14+00:00,200,0.118786,0.014502,0.110901,0.118336,257
2026-05-26T19:01:14+00:00,200,0.140472,0.039013,0.117920,0.140271,257
2026-05-26T19:01:15+00:00,200,0.070176,0.022753,0.055282,0.070071,257
2026-05-26T19:01:15+00:00,200,0.067262,0.024111,0.051364,0.067156,257
2026-05-26T19:01:15+00:00,200,0.060045,0.013280,0.047875,0.059948,257
2026-05-26T19:01:15+00:00,200,0.047204,0.009924,0.038683,0.047119,257
2026-05-26T19:01:15+00:00,200,0.060076,0.015002,0.051156,0.060004,257
2026-05-26T19:01:16+00:00,200,0.020655,0.002732,0.019823,0.020506,257
2026-05-26T19:01:16+00:00,200,0.019097,0.003689,0.018252,0.019019,257
2026-05-26T19:01:16+00:00,200,0.028263,0.000898,0.027404,0.028128,257
2026-05-26T19:01:16+00:00,200,0.033004,0.005919,0.030515,0.032935,257
2026-05-26T19:01:16+00:00,200,0.017058,0.001263,0.016174,0.016924,257
2026-05-26T19:01:17+00:00,200,0.124310,0.011129,0.082051,0.124172,257
2026-05-26T19:01:17+00:00,200,0.116916,0.014601,0.107804,0.116709,257
2026-05-26T19:01:17+00:00,200,0.119724,0.028731,0.084051,0.119480,257
2026-05-26T19:01:17+00:00,200,0.130101,0.014814,0.112914,0.126842,257
2026-05-26T19:01:17+00:00,200,0.136821,0.041567,0.113218,0.136683,257
2026-05-26T19:01:19+00:00,200,0.122452,0.019626,0.113800,0.122268,257
2026-05-26T19:01:19+00:00,200,0.123756,0.022082,0.104318,0.123575,257
2026-05-26T19:01:19+00:00,200,0.127975,0.034320,0.120419,0.127775,257
2026-05-26T19:01:19+00:00,200,0.108782,0.008227,0.096492,0.108529,257
2026-05-26T19:01:19+00:00,200,0.121214,0.031416,0.095091,0.120997,257
2026-05-26T19:01:20+00:00,200,0.088553,0.019087,0.076648,0.088385,257
2026-05-26T19:01:20+00:00,200,0.088354,0.022961,0.069714,0.088248,257
2026-05-26T19:01:20+00:00,200,0.094958,0.007422,0.061657,0.094754,257
2026-05-26T19:01:20+00:00,200,0.101645,0.013599,0.080804,0.101511,257
2026-05-26T19:01:20+00:00,200,0.085597,0.007630,0.075136,0.085445,257
2026-05-26T19:01:22+00:00,200,0.093006,0.019120,0.068659,0.092921,257
2026-05-26T19:01:22+00:00,200,0.085791,0.029039,0.076814,0.085643,257
2026-05-26T19:01:22+00:00,200,0.045612,0.005393,0.044904,0.045551,257
2026-05-26T19:01:22+00:00,200,0.079628,0.032185,0.075696,0.079545,257
2026-05-26T19:01:22+00:00,200,0.075015,0.022050,0.055194,0.074932,257
2026-05-26T19:01:23+00:00,200,0.053381,0.009129,0.046320,0.053122,257
2026-05-26T19:01:23+00:00,200,0.058377,0.016815,0.045128,0.058183,257
2026-05-26T19:01:23+00:00,200,0.062742,0.016022,0.057264,0.062453,257
2026-05-26T19:01:23+00:00,200,0.048327,0.003493,0.040106,0.048217,257
2026-05-26T19:01:23+00:00,200,0.064203,0.016786,0.050741,0.064000,257
2026-05-26T19:01:24+00:00,200,0.102106,0.001074,0.066552,0.101855,257
2026-05-26T19:01:24+00:00,200,0.102312,0.005917,0.084636,0.102076,257
2026-05-26T19:01:24+00:00,200,0.129847,0.018775,0.100289,0.129645,257
2026-05-26T19:01:24+00:00,200,0.108081,0.014254,0.096085,0.105292,257
2026-05-26T19:01:24+00:00,200,0.137350,0.032835,0.123906,0.137218,257
2026-05-26T19:01:26+00:00,200,0.142374,0.025131,0.123601,0.142121,257
2026-05-26T19:01:25+00:00,200,0.162612,0.031490,0.150369,0.162376,257
2026-05-26T19:01:26+00:00,200,0.105299,0.002997,0.094527,0.105028,257
2026-05-26T19:01:25+00:00,200,0.134185,0.006065,0.115445,0.133970,257
2026-05-26T19:01:26+00:00,200,0.158064,0.011928,0.126112,0.157503,257
2026-05-26T19:01:27+00:00,200,0.089296,0.021854,0.070913,0.089134,257
2026-05-26T19:01:27+00:00,200,0.093062,0.011118,0.085306,0.092889,257
2026-05-26T19:01:27+00:00,200,0.077379,0.005835,0.054850,0.077159,257
2026-05-26T19:01:27+00:00,200,0.084315,0.024692,0.067745,0.084201,257
2026-05-26T19:01:27+00:00,200,0.058519,0.007812,0.056809,0.058395,257
2026-05-26T19:01:28+00:00,200,0.025484,0.005202,0.018912,0.025392,257
2026-05-26T19:01:28+00:00,200,0.021634,0.003038,0.015108,0.021532,257
2026-05-26T19:01:28+00:00,200,0.023915,0.009726,0.023408,0.023837,257
2026-05-26T19:01:28+00:00,200,0.032213,0.014906,0.027934,0.032136,257
2026-05-26T19:01:28+00:00,200,0.021371,0.008324,0.019241,0.021307,257
2026-05-26T19:01:29+00:00,200,0.193772,0.013251,0.160676,0.193636,257
2026-05-26T19:01:29+00:00,200,0.171468,0.012915,0.124258,0.170630,257
2026-05-26T19:01:29+00:00,200,0.195078,0.020506,0.155479,0.170652,257
2026-05-26T19:01:29+00:00,200,0.217437,0.044000,0.176756,0.217267,257
2026-05-26T19:01:29+00:00,200,0.201081,0.023520,0.153153,0.200857,257
2026-05-26T19:01:31+00:00,200,0.166468,0.031204,0.159084,0.166269,257
2026-05-26T19:01:31+00:00,200,0.159027,0.031018,0.128837,0.158829,257
2026-05-26T19:01:31+00:00,200,0.122820,0.007309,0.087999,0.089425,257
2026-05-26T19:01:31+00:00,200,0.150980,0.008306,0.125324,0.150851,257
2026-05-26T19:01:31+00:00,200,0.141831,0.043569,0.130241,0.141579,257
2026-05-26T19:01:33+00:00,200,0.135834,0.014676,0.097478,0.135495,257
2026-05-26T19:01:33+00:00,200,0.114249,0.027767,0.090821,0.113951,257
2026-05-26T19:01:33+00:00,200,0.146474,0.049826,0.116853,0.146210,257
2026-05-26T19:01:33+00:00,200,0.128247,0.038056,0.105608,0.127994,257
2026-05-26T19:01:33+00:00,200,0.139055,0.042390,0.117312,0.138769,257
2026-05-26T19:01:34+00:00,200,0.091291,0.039803,0.078829,0.091096,257
2026-05-26T19:01:34+00:00,200,0.080377,0.018288,0.077830,0.080180,257
2026-05-26T19:01:34+00:00,200,0.069072,0.029206,0.067723,0.068942,257
2026-05-26T19:01:34+00:00,200,0.072385,0.005654,0.061261,0.072267,257
2026-05-26T19:01:34+00:00,200,0.085803,0.027954,0.067352,0.085720,257
2026-05-26T19:01:35+00:00,200,0.027000,0.009847,0.021085,0.026846,257
2026-05-26T19:01:35+00:00,200,0.024214,0.005480,0.019912,0.024050,257
2026-05-26T19:01:35+00:00,200,0.026507,0.009544,0.019566,0.026426,257
2026-05-26T19:01:35+00:00,200,0.017290,0.002310,0.016268,0.017216,257
2026-05-26T19:01:35+00:00,200,0.023826,0.009130,0.019520,0.023750,257
2026-05-26T19:01:36+00:00,200,0.110929,0.017659,0.096397,0.110672,257
2026-05-26T19:01:36+00:00,200,0.106794,0.007513,0.070874,0.106588,257
2026-05-26T19:01:36+00:00,200,0.113940,0.017574,0.081227,0.113819,257
2026-05-26T19:01:36+00:00,200,0.115306,0.021230,0.095886,0.115085,257
2026-05-26T19:01:36+00:00,200,0.112798,0.003521,0.100608,0.112605,257
2026-05-26T19:01:38+00:00,200,0.137897,0.042870,0.113401,0.137660,257
2026-05-26T19:01:38+00:00,200,0.113457,0.006697,0.105046,0.113257,257
2026-05-26T19:01:38+00:00,200,0.152952,0.036311,0.124755,0.152764,257
2026-05-26T19:01:38+00:00,200,0.100317,0.001302,0.080516,0.100170,257
2026-05-26T19:01:38+00:00,200,0.132900,0.012274,0.107942,0.125442,257
2026-05-26T19:01:39+00:00,200,0.103982,0.016896,0.075820,0.103885,257
2026-05-26T19:01:39+00:00,200,0.101983,0.004471,0.096371,0.101816,257
2026-05-26T19:01:39+00:00,200,0.130153,0.029994,0.121591,0.129960,257
2026-05-26T19:01:39+00:00,200,0.102976,0.026506,0.077405,0.102795,257
2026-05-26T19:01:39+00:00,200,0.100384,0.016481,0.089997,0.100190,257
2026-05-26T19:01:41+00:00,200,0.066725,0.012265,0.045265,0.066644,257
2026-05-26T19:01:41+00:00,200,0.062371,0.008468,0.045545,0.062263,257
2026-05-26T19:01:41+00:00,200,0.079162,0.033230,0.066172,0.079049,257
2026-05-26T19:01:41+00:00,200,0.064114,0.008872,0.059250,0.063987,257
2026-05-26T19:01:41+00:00,200,0.046381,0.005908,0.035260,0.046285,257
2026-05-26T19:01:42+00:00,200,0.022031,0.009868,0.020695,0.021946,257
2026-05-26T19:01:42+00:00,200,0.028891,0.010796,0.025970,0.028528,257
2026-05-26T19:01:42+00:00,200,0.025280,0.009654,0.021370,0.025185,257
2026-05-26T19:01:42+00:00,200,0.023773,0.007046,0.023056,0.023626,257
2026-05-26T19:01:42+00:00,200,0.024311,0.009998,0.023343,0.024241,257
2026-05-26T19:01:43+00:00,200,0.186509,0.015326,0.178284,0.186371,257
2026-05-26T19:01:43+00:00,200,0.178632,0.016081,0.166302,0.178487,257
2026-05-26T19:01:43+00:00,200,0.203812,0.023570,0.184391,0.203556,257
2026-05-26T19:01:43+00:00,200,0.179844,0.018658,0.157315,0.179706,257
2026-05-26T19:01:43+00:00,200,0.163680,0.009549,0.146579,0.163423,257
2026-05-26T19:01:45+00:00,200,0.120580,0.019592,0.111265,0.120351,257
2026-05-26T19:01:45+00:00,200,0.112766,0.020157,0.083240,0.112510,257
2026-05-26T19:01:45+00:00,200,0.123265,0.012547,0.097749,0.123122,257
2026-05-26T19:01:45+00:00,200,0.123900,0.007338,0.108970,0.123793,257
2026-05-26T19:01:45+00:00,200,0.125414,0.005961,0.102281,0.125079,257
2026-05-26T19:01:46+00:00,200,0.133230,0.040771,0.121731,0.133025,257
2026-05-26T19:01:46+00:00,200,0.076820,0.007711,0.054156,0.076618,257
2026-05-26T19:01:46+00:00,200,0.110130,0.000599,0.080331,0.109743,257
2026-05-26T19:01:46+00:00,200,0.131938,0.049631,0.118100,0.131742,257
2026-05-26T19:01:46+00:00,200,0.124301,0.000742,0.109022,0.124090,257
2026-05-26T19:01:48+00:00,200,0.072318,0.033111,0.066406,0.072125,257
2026-05-26T19:01:48+00:00,200,0.074284,0.026021,0.060049,0.074183,257
2026-05-26T19:01:48+00:00,200,0.069057,0.020277,0.049125,0.068942,257
2026-05-26T19:01:48+00:00,200,0.061318,0.024129,0.047205,0.061256,257
2026-05-26T19:01:48+00:00,200,0.052374,0.005354,0.046194,0.052280,257
2026-05-26T19:01:49+00:00,200,0.024050,0.000591,0.013914,0.023916,257
2026-05-26T19:01:49+00:00,200,0.029136,0.004877,0.024122,0.029042,257
2026-05-26T19:01:49+00:00,200,0.034590,0.011634,0.025917,0.034514,257
2026-05-26T19:01:49+00:00,200,0.017880,0.002894,0.012829,0.017787,257
2026-05-26T19:01:49+00:00,200,0.029811,0.009065,0.023886,0.029723,257
2026-05-26T19:01:50+00:00,200,0.154311,0.036879,0.119279,0.154046,257
2026-05-26T19:01:50+00:00,200,0.132123,0.001721,0.130644,0.131968,257
2026-05-26T19:01:50+00:00,200,0.127101,0.011001,0.125385,0.126961,257
2026-05-26T19:01:50+00:00,200,0.128301,0.023160,0.115357,0.128028,257
2026-05-26T19:01:50+00:00,200,0.154369,0.034449,0.123842,0.154265,257
2026-05-26T19:01:52+00:00,200,0.161636,0.018305,0.134404,0.161478,257
2026-05-26T19:01:52+00:00,200,0.122381,0.013043,0.081603,0.122105,257
2026-05-26T19:01:52+00:00,200,0.125950,0.009216,0.107331,0.125667,257
2026-05-26T19:01:52+00:00,200,0.181209,0.047389,0.166457,0.180981,257
2026-05-26T19:01:52+00:00,200,0.116347,0.002044,0.076706,0.116200,257
2026-05-26T19:01:53+00:00,200,0.096163,0.006310,0.063053,0.095942,257
2026-05-26T19:01:53+00:00,200,0.099686,0.020926,0.098494,0.099590,257
2026-05-26T19:01:53+00:00,200,0.084129,0.012420,0.060886,0.083931,257
2026-05-26T19:01:53+00:00,200,0.101697,0.015185,0.072482,0.101484,257
2026-05-26T19:01:53+00:00,200,0.085546,0.003541,0.069657,0.085361,257
2026-05-26T19:01:54+00:00,200,0.067365,0.029683,0.048431,0.067234,257
2026-05-26T19:01:54+00:00,200,0.056544,0.014779,0.042168,0.056496,257
2026-05-26T19:01:54+00:00,200,0.047992,0.012831,0.036852,0.047798,257
2026-05-26T19:01:54+00:00,200,0.058410,0.021273,0.048600,0.058317,257
2026-05-26T19:01:54+00:00,200,0.077691,0.029742,0.068062,0.077639,257
2026-05-26T19:01:56+00:00,200,0.044678,0.008018,0.042485,0.044514,257
2026-05-26T19:01:56+00:00,200,0.041937,0.006708,0.035828,0.041810,257
2026-05-26T19:01:56+00:00,200,0.044595,0.003792,0.041272,0.044362,257
2026-05-26T19:01:56+00:00,200,0.039798,0.012722,0.027546,0.039614,257
2026-05-26T19:01:56+00:00,200,0.041719,0.014169,0.038118,0.041629,257
2026-05-26T19:01:57+00:00,200,0.128892,0.019587,0.096351,0.128659,257
2026-05-26T19:01:57+00:00,200,0.125460,0.013129,0.109916,0.125318,257
2026-05-26T19:01:57+00:00,200,0.105901,0.008259,0.078801,0.105798,257
2026-05-26T19:01:57+00:00,200,0.122829,0.004202,0.115798,0.122685,257
2026-05-26T19:01:57+00:00,200,0.147144,0.022340,0.128197,0.146990,257
2026-05-26T19:01:58+00:00,200,0.145766,0.034652,0.108167,0.145595,257
2026-05-26T19:01:58+00:00,200,0.117017,0.014455,0.082261,0.116861,257
2026-05-26T19:01:58+00:00,200,0.149611,0.032325,0.119426,0.149505,257
2026-05-26T19:01:58+00:00,200,0.130609,0.022823,0.118416,0.130494,257
2026-05-26T19:01:58+00:00,200,0.123092,0.022931,0.117867,0.122919,257
2026-05-26T19:02:00+00:00,200,0.054400,0.007005,0.053199,0.054244,257
2026-05-26T19:02:00+00:00,200,0.087441,0.018836,0.076092,0.087280,257
2026-05-26T19:02:00+00:00,200,0.097721,0.033450,0.075515,0.097566,257
2026-05-26T19:02:00+00:00,200,0.063650,0.000835,0.055988,0.063492,257
2026-05-26T19:02:00+00:00,200,0.045798,0.008410,0.044791,0.045701,257
2026-05-26T19:02:01+00:00,200,0.080863,0.038623,0.063782,0.080809,257
2026-05-26T19:02:01+00:00,200,0.046484,0.012117,0.034888,0.046424,257
2026-05-26T19:02:01+00:00,200,0.068856,0.029905,0.049980,0.060865,257
2026-05-26T19:02:01+00:00,200,0.062539,0.004782,0.047336,0.062433,257
2026-05-26T19:02:01+00:00,200,0.067345,0.019646,0.055737,0.067282,257
2026-05-26T19:02:02+00:00,200,0.037054,0.005158,0.028003,0.036907,257
2026-05-26T19:02:02+00:00,200,0.040709,0.006859,0.035062,0.040520,257
2026-05-26T19:02:02+00:00,200,0.030343,0.002593,0.017017,0.030245,257
2026-05-26T19:02:02+00:00,200,0.044254,0.009651,0.038631,0.044071,257
2026-05-26T19:02:02+00:00,200,0.037934,0.005141,0.033770,0.037740,257
2026-05-26T19:02:03+00:00,200,0.119960,0.004557,0.084759,0.119742,257
2026-05-26T19:02:03+00:00,200,0.118209,0.004795,0.102143,0.117949,257
2026-05-26T19:02:03+00:00,200,0.107838,0.004505,0.068259,0.107625,257
2026-05-26T19:02:03+00:00,200,0.114271,0.005955,0.101579,0.114084,257
2026-05-26T19:02:03+00:00,200,0.120951,0.024466,0.119323,0.120813,257
2026-05-26T19:02:05+00:00,200,0.105937,0.005750,0.073235,0.105787,257
2026-05-26T19:02:05+00:00,200,0.133624,0.040744,0.115576,0.133436,257
2026-05-26T19:02:05+00:00,200,0.145268,0.000982,0.099155,0.107212,257
2026-05-26T19:02:05+00:00,200,0.121961,0.014464,0.099942,0.121727,257
2026-05-26T19:02:05+00:00,200,0.125592,0.031829,0.107845,0.125365,257
2026-05-26T19:02:06+00:00,200,0.076834,0.000945,0.037177,0.076561,257
2026-05-26T19:02:06+00:00,200,0.116832,0.033264,0.088919,0.116694,257
2026-05-26T19:02:06+00:00,200,0.080824,0.011617,0.071890,0.080671,257
2026-05-26T19:02:06+00:00,200,0.107946,0.036830,0.083040,0.107791,257
2026-05-26T19:02:06+00:00,200,0.085763,0.022230,0.065750,0.085609,257
2026-05-26T19:02:08+00:00,200,0.055938,0.014355,0.042670,0.055884,257
2026-05-26T19:02:08+00:00,200,0.033539,0.000656,0.023944,0.033462,257
2026-05-26T19:02:08+00:00,200,0.053672,0.013913,0.037746,0.053611,257
2026-05-26T19:02:08+00:00,200,0.049180,0.018258,0.043158,0.049106,257
2026-05-26T19:02:08+00:00,200,0.053824,0.016322,0.042793,0.053770,257
2026-05-26T19:02:09+00:00,200,0.094315,0.008474,0.071106,0.094083,257
2026-05-26T19:02:09+00:00,200,0.104828,0.018608,0.067752,0.104654,257
2026-05-26T19:02:09+00:00,200,0.113476,0.017268,0.064508,0.108754,257
2026-05-26T19:02:09+00:00,200,0.109150,0.010420,0.085485,0.108857,257
2026-05-26T19:02:09+00:00,200,0.104487,0.005477,0.093486,0.104349,257
2026-05-26T19:02:10+00:00,200,0.122764,0.005617,0.104092,0.122559,257
2026-05-26T19:02:10+00:00,200,0.120276,0.003353,0.111535,0.120074,257
2026-05-26T19:02:10+00:00,200,0.110721,0.011202,0.095827,0.110535,257
2026-05-26T19:02:10+00:00,200,0.134887,0.018167,0.092185,0.134795,257
2026-05-26T19:02:10+00:00,200,0.118073,0.013932,0.091982,0.117853,257
2026-05-26T19:02:12+00:00,200,0.103284,0.009417,0.076032,0.103068,257
2026-05-26T19:02:12+00:00,200,0.113487,0.015385,0.091316,0.113267,257
2026-05-26T19:02:12+00:00,200,0.112334,0.005689,0.094355,0.112127,257
2026-05-26T19:02:12+00:00,200,0.127627,0.018806,0.119321,0.127472,257
2026-05-26T19:02:12+00:00,200,0.118783,0.016354,0.105252,0.118544,257
2026-05-26T19:02:13+00:00,200,0.088950,0.021229,0.067586,0.088686,257
2026-05-26T19:02:13+00:00,200,0.084951,0.033556,0.076394,0.084789,257
2026-05-26T19:02:13+00:00,200,0.080115,0.015622,0.058315,0.079934,257
2026-05-26T19:02:13+00:00,200,0.086065,0.029183,0.071987,0.085976,257
2026-05-26T19:02:13+00:00,200,0.071855,0.003259,0.053470,0.071658,257
2026-05-26T19:02:14+00:00,200,0.062494,0.018585,0.049235,0.062441,257
2026-05-26T19:02:14+00:00,200,0.044326,0.008083,0.033538,0.044288,257
2026-05-26T19:02:14+00:00,200,0.055794,0.012373,0.045586,0.055744,257
2026-05-26T19:02:14+00:00,200,0.046832,0.008761,0.041232,0.046719,257
2026-05-26T19:02:14+00:00,200,0.046668,0.017029,0.035031,0.042559,257
2026-05-26T19:02:16+00:00,200,0.030397,0.002226,0.018048,0.030262,257
2026-05-26T19:02:16+00:00,200,0.036517,0.007817,0.023773,0.036387,257
2026-05-26T19:02:16+00:00,200,0.040327,0.018897,0.033538,0.040235,257
2026-05-26T19:02:16+00:00,200,0.044242,0.020130,0.039368,0.044049,257
2026-05-26T19:02:16+00:00,200,0.035974,0.003064,0.021615,0.035848,257
2026-05-26T19:02:17+00:00,200,0.151796,0.032675,0.124636,0.151613,257
2026-05-26T19:02:17+00:00,200,0.165155,0.046430,0.141338,0.164908,257
2026-05-26T19:02:17+00:00,200,0.188647,0.021618,0.128684,0.188537,257
2026-05-26T19:02:17+00:00,200,0.185990,0.008586,0.166598,0.181505,257
2026-05-26T19:02:17+00:00,200,0.190138,0.023253,0.177443,0.189890,257
2026-05-26T19:02:18+00:00,200,0.119522,0.028990,0.095868,0.119280,257
2026-05-26T19:02:18+00:00,200,0.146983,0.034677,0.145232,0.146870,257
2026-05-26T19:02:18+00:00,200,0.124839,0.003734,0.102467,0.124755,257
2026-05-26T19:02:18+00:00,200,0.114386,0.005633,0.078408,0.114262,257
2026-05-26T19:02:18+00:00,200,0.141467,0.043852,0.112045,0.141345,257
2026-05-26T19:02:20+00:00,200,0.077528,0.011641,0.052653,0.077453,257
2026-05-26T19:02:20+00:00,200,0.069635,0.020710,0.061478,0.069488,257
2026-05-26T19:02:20+00:00,200,0.087483,0.021600,0.077741,0.087355,257
2026-05-26T19:02:20+00:00,200,0.076864,0.009429,0.064506,0.074254,257
2026-05-26T19:02:20+00:00,200,0.065846,0.017840,0.049716,0.065695,257
2026-05-26T19:02:21+00:00,200,0.032888,0.011547,0.022936,0.032759,257
2026-05-26T19:02:21+00:00,200,0.022709,0.005195,0.016424,0.022641,257
2026-05-26T19:02:21+00:00,200,0.028574,0.008311,0.019254,0.028494,257
2026-05-26T19:02:21+00:00,200,0.019241,0.003162,0.015171,0.019141,257
2026-05-26T19:02:21+00:00,200,0.030904,0.008541,0.027692,0.030803,257
2026-05-26T19:02:22+00:00,200,0.124040,0.011770,0.084808,0.123813,257
2026-05-26T19:02:22+00:00,200,0.127925,0.005062,0.113364,0.127593,257
2026-05-26T19:02:22+00:00,200,0.111053,0.007435,0.085984,0.110817,257
2026-05-26T19:02:22+00:00,200,0.155181,0.039796,0.142813,0.154978,257
2026-05-26T19:02:22+00:00,200,0.117825,0.019279,0.093912,0.117529,257
2026-05-26T19:02:24+00:00,200,0.122823,0.020840,0.120860,0.122705,257
2026-05-26T19:02:24+00:00,200,0.115841,0.015332,0.082286,0.115611,257
2026-05-26T19:02:24+00:00,200,0.121705,0.028485,0.105652,0.121477,257
2026-05-26T19:02:24+00:00,200,0.138130,0.021543,0.125615,0.137945,257
2026-05-26T19:02:24+00:00,200,0.109429,0.011292,0.097381,0.109208,257
2026-05-26T19:02:25+00:00,200,0.123591,0.011829,0.114685,0.123238,257
2026-05-26T19:02:25+00:00,200,0.118512,0.017255,0.096303,0.118306,257
2026-05-26T19:02:25+00:00,200,0.098866,0.007437,0.071791,0.098476,257
2026-05-26T19:02:25+00:00,200,0.116861,0.013308,0.081822,0.116655,257
2026-05-26T19:02:25+00:00,200,0.138173,0.037557,0.114931,0.137937,257
2026-05-26T19:02:27+00:00,200,0.051380,0.005830,0.029581,0.051304,257
2026-05-26T19:02:27+00:00,200,0.075570,0.023710,0.068199,0.075452,257
2026-05-26T19:02:27+00:00,200,0.079999,0.017924,0.060854,0.079876,257
2026-05-26T19:02:27+00:00,200,0.086893,0.017677,0.071342,0.086712,257
2026-05-26T19:02:27+00:00,200,0.060191,0.014494,0.051573,0.060081,257
2026-05-26T19:02:28+00:00,200,0.030386,0.012648,0.026273,0.030212,257
2026-05-26T19:02:28+00:00,200,0.023629,0.006618,0.018949,0.023502,257
2026-05-26T19:02:28+00:00,200,0.018146,0.000724,0.015439,0.017947,257
2026-05-26T19:02:28+00:00,200,0.021068,0.002779,0.017835,0.020967,257
2026-05-26T19:02:28+00:00,200,0.016372,0.001616,0.014084,0.016284,257
2026-05-26T19:02:29+00:00,200,0.173865,0.009770,0.115440,0.173615,257
2026-05-26T19:02:29+00:00,200,0.173410,0.004931,0.127364,0.173158,257
2026-05-26T19:02:29+00:00,200,0.180848,0.002644,0.141042,0.180613,257
2026-05-26T19:02:29+00:00,200,0.179658,0.002466,0.164485,0.179444,257
2026-05-26T19:02:29+00:00,200,0.202139,0.019168,0.181505,0.201905,257
2026-05-26T19:02:31+00:00,200,0.164964,0.050603,0.143273,0.164664,257
2026-05-26T19:02:31+00:00,200,0.166545,0.049542,0.123259,0.166332,257
2026-05-26T19:02:31+00:00,200,0.169131,0.035212,0.140373,0.169025,257
2026-05-26T19:02:31+00:00,200,0.142684,0.029719,0.099140,0.142400,257
2026-05-26T19:02:31+00:00,200,0.128320,0.003997,0.070279,0.128106,257
2026-05-26T19:02:32+00:00,200,0.097691,0.002375,0.068533,0.097072,257
2026-05-26T19:02:32+00:00,200,0.096041,0.011916,0.093867,0.095784,257
2026-05-26T19:02:32+00:00,200,0.099330,0.022935,0.077791,0.099171,257
2026-05-26T19:02:32+00:00,200,0.113228,0.044121,0.094722,0.113058,257
2026-05-26T19:02:32+00:00,200,0.120836,0.040292,0.094324,0.120608,257
2026-05-26T19:02:33+00:00,200,0.062503,0.010978,0.041123,0.062394,257
2026-05-26T19:02:33+00:00,200,0.053781,0.005558,0.050430,0.053632,257
2026-05-26T19:02:33+00:00,200,0.062802,0.019793,0.048572,0.062744,257
2026-05-26T19:02:33+00:00,200,0.067847,0.026087,0.051646,0.067804,257
2026-05-26T19:02:33+00:00,200,0.057438,0.008252,0.046877,0.057387,257
2026-05-26T19:02:35+00:00,200,0.028068,0.006084,0.019424,0.027944,257
2026-05-26T19:02:35+00:00,200,0.028276,0.002961,0.023070,0.028153,257
2026-05-26T19:02:35+00:00,200,0.029100,0.002828,0.019263,0.028962,257
2026-05-26T19:02:35+00:00,200,0.027363,0.007008,0.020878,0.027250,257
2026-05-26T19:02:35+00:00,200,0.027330,0.008526,0.026215,0.027201,257
2026-05-26T19:02:36+00:00,200,0.132725,0.029217,0.128370,0.132500,257
2026-05-26T19:02:36+00:00,200,0.106428,0.001173,0.084921,0.106191,257
2026-05-26T19:02:36+00:00,200,0.117294,0.012666,0.078323,0.117170,257
2026-05-26T19:02:36+00:00,200,0.134523,0.028259,0.105473,0.134370,257
2026-05-26T19:02:36+00:00,200,0.117943,0.006465,0.100279,0.117684,257
2026-05-26T19:02:37+00:00,200,0.114163,0.013117,0.095758,0.113925,257
2026-05-26T19:02:37+00:00,200,0.107822,0.023159,0.094787,0.107629,257
2026-05-26T19:02:37+00:00,200,0.112739,0.023006,0.096801,0.112526,257
2026-05-26T19:02:37+00:00,200,0.113289,0.018081,0.085327,0.113099,257
2026-05-26T19:02:37+00:00,200,0.141357,0.015805,0.122794,0.132889,257
2026-05-26T19:02:39+00:00,200,0.086757,0.008383,0.060869,0.086488,257
2026-05-26T19:02:39+00:00,200,0.072974,0.007096,0.057245,0.072743,257
2026-05-26T19:02:39+00:00,200,0.079152,0.010065,0.056947,0.078952,257
2026-05-26T19:02:39+00:00,200,0.090090,0.029719,0.072181,0.089893,257
2026-05-26T19:02:39+00:00,200,0.101577,0.018045,0.089200,0.101449,257
2026-05-26T19:02:40+00:00,200,0.046021,0.000573,0.040952,0.045917,257
2026-05-26T19:02:40+00:00,200,0.082377,0.028605,0.063967,0.082277,257
2026-05-26T19:02:40+00:00,200,0.070677,0.024571,0.059263,0.070543,257
2026-05-26T19:02:40+00:00,200,0.053384,0.006467,0.048924,0.053284,257
2026-05-26T19:02:40+00:00,200,0.067367,0.025184,0.059846,0.067278,257
2026-05-26T19:02:41+00:00,200,0.041611,0.017268,0.038692,0.041473,257
2026-05-26T19:02:41+00:00,200,0.035844,0.010136,0.028358,0.035626,257
2026-05-26T19:02:41+00:00,200,0.035623,0.005059,0.033217,0.035482,257
2026-05-26T19:02:41+00:00,200,0.038201,0.012656,0.032731,0.037999,257
2026-05-26T19:02:41+00:00,200,0.036007,0.000967,0.030679,0.035771,257
2026-05-26T19:02:43+00:00,200,0.127746,0.032596,0.115251,0.127539,257
2026-05-26T19:02:43+00:00,200,0.121547,0.019441,0.088648,0.121322,257
2026-05-26T19:02:42+00:00,200,0.119418,0.008723,0.099758,0.119201,257
2026-05-26T19:02:43+00:00,200,0.118509,0.031886,0.107316,0.118300,257
2026-05-26T19:02:43+00:00,200,0.128407,0.039900,0.112398,0.128233,257
2026-05-26T19:02:44+00:00,200,0.116618,0.019527,0.076778,0.116351,257
2026-05-26T19:02:44+00:00,200,0.138068,0.038783,0.114433,0.137755,257
2026-05-26T19:02:44+00:00,200,0.136115,0.022908,0.118058,0.135861,257
2026-05-26T19:02:44+00:00,200,0.119939,0.002263,0.093108,0.119719,257
2026-05-26T19:02:44+00:00,200,0.138268,0.026152,0.129641,0.138015,257
2026-05-26T19:02:45+00:00,200,0.094505,0.014107,0.064465,0.094329,257
2026-05-26T19:02:45+00:00,200,0.097285,0.013464,0.091342,0.096983,257
2026-05-26T19:02:45+00:00,200,0.085153,0.015684,0.061506,0.085001,257
2026-05-26T19:02:45+00:00,200,0.077805,0.015822,0.071110,0.077657,257
2026-05-26T19:02:45+00:00,200,0.099172,0.022630,0.084061,0.098919,257
2026-05-26T19:02:47+00:00,200,0.054535,0.015164,0.051464,0.054442,257
2026-05-26T19:02:47+00:00,200,0.044189,0.015986,0.028080,0.044109,257
2026-05-26T19:02:47+00:00,200,0.050050,0.025764,0.038530,0.049966,257
2026-05-26T19:02:47+00:00,200,0.052469,0.007605,0.044756,0.052388,257
2026-05-26T19:02:47+00:00,200,0.063706,0.029603,0.057138,0.063629,257
2026-05-26T19:02:48+00:00,200,0.029995,0.002503,0.025146,0.029852,257
2026-05-26T19:02:48+00:00,200,0.036596,0.004971,0.026910,0.036462,257
2026-05-26T19:02:48+00:00,200,0.038030,0.003268,0.032875,0.037818,257
2026-05-26T19:02:48+00:00,200,0.035288,0.007869,0.028693,0.035134,257
2026-05-26T19:02:48+00:00,200,0.029786,0.005936,0.024709,0.029639,257
2026-05-26T19:02:49+00:00,200,0.125645,0.030456,0.099935,0.125408,257
2026-05-26T19:02:49+00:00,200,0.117444,0.009499,0.098402,0.117232,257
2026-05-26T19:02:49+00:00,200,0.102187,0.005408,0.096487,0.101984,257
2026-05-26T19:02:49+00:00,200,0.112658,0.007019,0.098709,0.106848,257
2026-05-26T19:02:49+00:00,200,0.107520,0.007001,0.072891,0.107285,257
2026-05-26T19:02:51+00:00,200,0.130207,0.011830,0.113505,0.130085,257
2026-05-26T19:02:51+00:00,200,0.140539,0.010415,0.105595,0.140458,257
2026-05-26T19:02:51+00:00,200,0.131004,0.025584,0.081069,0.130868,257
2026-05-26T19:02:51+00:00,200,0.127966,0.011561,0.090525,0.127820,257
2026-05-26T19:02:51+00:00,200,0.113604,0.007467,0.087509,0.099675,257
2026-05-26T19:02:52+00:00,200,0.092581,0.002327,0.086467,0.092399,257
2026-05-26T19:02:52+00:00,200,0.089973,0.008183,0.088671,0.089843,257
2026-05-26T19:02:52+00:00,200,0.117792,0.030759,0.087817,0.117670,257
2026-05-26T19:02:52+00:00,200,0.119820,0.030977,0.110193,0.119615,257
2026-05-26T19:02:52+00:00,200,0.095861,0.014337,0.094557,0.095764,257
2026-05-26T19:02:53+00:00,200,0.083962,0.022713,0.053692,0.083860,257
2026-05-26T19:02:53+00:00,200,0.080248,0.028518,0.049780,0.080149,257
2026-05-26T19:02:53+00:00,200,0.075982,0.014370,0.069348,0.075879,257
2026-05-26T19:02:53+00:00,200,0.076132,0.010988,0.069519,0.076021,257
2026-05-26T19:02:53+00:00,200,0.053010,0.002644,0.030333,0.052927,257
2026-05-26T19:02:55+00:00,200,0.030502,0.005599,0.022098,0.030362,257
2026-05-26T19:02:55+00:00,200,0.038664,0.014044,0.037123,0.038539,257
2026-05-26T19:02:55+00:00,200,0.034061,0.012680,0.030014,0.033875,257
2026-05-26T19:02:55+00:00,200,0.042579,0.012658,0.040000,0.042460,257
2026-05-26T19:02:55+00:00,200,0.023010,0.000686,0.015685,0.022903,257
2026-05-26T19:02:56+00:00,200,0.134262,0.040379,0.132573,0.133957,257
2026-05-26T19:02:56+00:00,200,0.134642,0.016799,0.122210,0.134415,257
2026-05-26T19:02:56+00:00,200,0.123833,0.036467,0.103601,0.123601,257
2026-05-26T19:02:56+00:00,200,0.150129,0.044618,0.144113,0.149927,257
2026-05-26T19:02:56+00:00,200,0.120886,0.006218,0.119375,0.120727,257
2026-05-26T19:02:57+00:00,200,0.151435,0.024598,0.123299,0.151214,257
2026-05-26T19:02:57+00:00,200,0.156296,0.012641,0.143636,0.156094,257
2026-05-26T19:02:57+00:00,200,0.147734,0.005929,0.125149,0.147515,257
2026-05-26T19:02:57+00:00,200,0.160402,0.017341,0.154378,0.160127,257
2026-05-26T19:02:57+00:00,200,0.168071,0.030863,0.131720,0.167856,257
2026-05-26T19:02:59+00:00,200,0.110031,0.013366,0.070511,0.109698,257
2026-05-26T19:02:59+00:00,200,0.115549,0.010015,0.077853,0.115461,257
2026-05-26T19:02:59+00:00,200,0.112690,0.028237,0.090699,0.112513,257
2026-05-26T19:02:59+00:00,200,0.076534,0.011360,0.054022,0.076349,257
2026-05-26T19:02:59+00:00,200,0.108667,0.031769,0.096895,0.108501,257
2026-05-26T19:03:00+00:00,200,0.079020,0.006753,0.069524,0.078897,257
2026-05-26T19:03:00+00:00,200,0.083379,0.035249,0.082629,0.083255,257
2026-05-26T19:03:00+00:00,200,0.083354,0.014320,0.062369,0.083238,257
2026-05-26T19:03:00+00:00,200,0.069111,0.005022,0.053550,0.068990,257
2026-05-26T19:03:00+00:00,200,0.084843,0.028216,0.082919,0.084737,257
2026-05-26T19:03:02+00:00,200,0.030309,0.006644,0.025544,0.030201,257
2026-05-26T19:03:02+00:00,200,0.030917,0.001150,0.025726,0.030675,257
2026-05-26T19:03:02+00:00,200,0.035637,0.013386,0.033202,0.035506,257
2026-05-26T19:03:02+00:00,200,0.034730,0.005841,0.025336,0.034605,257
2026-05-26T19:03:02+00:00,200,0.028667,0.006307,0.023671,0.028579,257
2026-05-26T19:03:03+00:00,200,0.143143,0.041526,0.130551,0.142910,257
2026-05-26T19:03:03+00:00,200,0.114137,0.013884,0.092583,0.113957,257
2026-05-26T19:03:03+00:00,200,0.108651,0.015211,0.098805,0.108482,257
2026-05-26T19:03:03+00:00,200,0.147138,0.025665,0.145693,0.147012,257
2026-05-26T19:03:03+00:00,200,0.127440,0.003583,0.102704,0.127295,257
2026-05-26T19:03:04+00:00,200,0.120144,0.017462,0.107849,0.119882,257
2026-05-26T19:03:04+00:00,200,0.110570,0.017977,0.091121,0.110368,257
2026-05-26T19:03:04+00:00,200,0.117539,0.014135,0.105394,0.117341,257
2026-05-26T19:03:04+00:00,200,0.128777,0.011379,0.116813,0.128576,257
2026-05-26T19:03:04+00:00,200,0.122751,0.019736,0.106893,0.122466,257
2026-05-26T19:03:06+00:00,200,0.109013,0.007127,0.090954,0.108703,257
2026-05-26T19:03:06+00:00,200,0.109634,0.018435,0.076951,0.109463,257
2026-05-26T19:03:06+00:00,200,0.106508,0.008067,0.099049,0.106314,257
2026-05-26T19:03:06+00:00,200,0.097211,0.007125,0.070552,0.097024,257
2026-05-26T19:03:06+00:00,200,0.113742,0.016370,0.093210,0.113594,257
2026-05-26T19:03:07+00:00,200,0.076990,0.020587,0.068601,0.076919,257
2026-05-26T19:03:07+00:00,200,0.066342,0.017886,0.056948,0.066241,257
2026-05-26T19:03:07+00:00,200,0.057170,0.023344,0.056429,0.057068,257
2026-05-26T19:03:07+00:00,200,0.057112,0.007590,0.043224,0.057033,257
2026-05-26T19:03:07+00:00,200,0.058374,0.015477,0.036448,0.058291,257
2026-05-26T19:03:08+00:00,200,0.029963,0.006511,0.028967,0.029817,257
2026-05-26T19:03:08+00:00,200,0.032042,0.005941,0.023750,0.031913,257
2026-05-26T19:03:08+00:00,200,0.035575,0.005074,0.034326,0.035462,257
2026-05-26T19:03:08+00:00,200,0.036091,0.002169,0.030911,0.036012,257
2026-05-26T19:03:08+00:00,200,0.029852,0.001541,0.019833,0.029700,257
2026-05-26T19:03:09+00:00,200,0.122253,0.006985,0.112549,0.122130,257
2026-05-26T19:03:09+00:00,200,0.135654,0.008104,0.091472,0.135413,257
2026-05-26T19:03:09+00:00,200,0.143430,0.035466,0.108073,0.136086,257
2026-05-26T19:03:09+00:00,200,0.126377,0.005105,0.106864,0.108396,257
2026-05-26T19:03:09+00:00,200,0.129757,0.007179,0.109451,0.110873,257
2026-05-26T19:03:11+00:00,200,0.126203,0.004330,0.123981,0.126060,257
2026-05-26T19:03:11+00:00,200,0.146997,0.017610,0.113221,0.146822,257
2026-05-26T19:03:11+00:00,200,0.132661,0.006153,0.116407,0.132399,257
2026-05-26T19:03:11+00:00,200,0.147707,0.015354,0.120462,0.122576,257
2026-05-26T19:03:11+00:00,200,0.138263,0.004958,0.132197,0.138008,257
2026-05-26T19:03:12+00:00,200,0.111427,0.031196,0.078819,0.111200,257
2026-05-26T19:03:12+00:00,200,0.109813,0.025107,0.095221,0.109614,257
2026-05-26T19:03:12+00:00,200,0.068454,0.001089,0.067092,0.068250,257
2026-05-26T19:03:12+00:00,200,0.083054,0.013828,0.060734,0.082863,257
2026-05-26T19:03:12+00:00,200,0.111748,0.019635,0.095228,0.111497,257
2026-05-26T19:03:14+00:00,200,0.107685,0.044553,0.079231,0.107556,257
2026-05-26T19:03:14+00:00,200,0.084862,0.026695,0.068426,0.084751,257
2026-05-26T19:03:14+00:00,200,0.058953,0.004271,0.049386,0.058801,257
2026-05-26T19:03:14+00:00,200,0.071772,0.022829,0.056224,0.071568,257
2026-05-26T19:03:14+00:00,200,0.073623,0.014715,0.046566,0.073535,257
2026-05-26T19:03:15+00:00,200,0.032891,0.008508,0.023036,0.032772,257
2026-05-26T19:03:15+00:00,200,0.029157,0.006424,0.020439,0.029006,257
2026-05-26T19:03:15+00:00,200,0.031878,0.008179,0.026467,0.031776,257
2026-05-26T19:03:15+00:00,200,0.024515,0.006175,0.016421,0.024411,257
2026-05-26T19:03:15+00:00,200,0.025228,0.002005,0.017980,0.025113,257
2026-05-26T19:03:16+00:00,200,0.115052,0.010991,0.083706,0.114857,257
2026-05-26T19:03:16+00:00,200,0.094250,0.006727,0.092851,0.094017,257
2026-05-26T19:03:16+00:00,200,0.125775,0.015273,0.102878,0.125561,257
2026-05-26T19:03:16+00:00,200,0.133998,0.004654,0.072585,0.110425,257
2026-05-26T19:03:16+00:00,200,0.127362,0.014062,0.113039,0.127108,257
2026-05-26T19:03:18+00:00,200,0.103474,0.013483,0.092619,0.103233,257
2026-05-26T19:03:18+00:00,200,0.119420,0.022361,0.099642,0.119200,257
2026-05-26T19:03:18+00:00,200,0.109801,0.005318,0.100330,0.109584,257
2026-05-26T19:03:18+00:00,200,0.107384,0.014694,0.094106,0.107131,257
2026-05-26T19:03:18+00:00,200,0.125313,0.008643,0.084876,0.117587,257
2026-05-26T19:03:19+00:00,200,0.116866,0.013846,0.084474,0.116665,257
2026-05-26T19:03:19+00:00,200,0.128795,0.020082,0.121733,0.128606,257
2026-05-26T19:03:19+00:00,200,0.121676,0.034492,0.112014,0.121350,257
2026-05-26T19:03:19+00:00,200,0.102788,0.022398,0.082102,0.102584,257
2026-05-26T19:03:19+00:00,200,0.122075,0.014569,0.104563,0.121831,257
2026-05-26T19:03:20+00:00,200,0.072804,0.011320,0.054659,0.072659,257
2026-05-26T19:03:20+00:00,200,0.090460,0.044214,0.076374,0.090347,257
2026-05-26T19:03:20+00:00,200,0.075862,0.025465,0.059214,0.075725,257
2026-05-26T19:03:20+00:00,200,0.065443,0.003644,0.042550,0.065301,257
2026-05-26T19:03:20+00:00,200,0.064284,0.017489,0.048290,0.064206,257
2026-05-26T19:03:22+00:00,200,0.040175,0.005616,0.028715,0.039977,257
2026-05-26T19:03:22+00:00,200,0.044405,0.007221,0.029772,0.044091,257
2026-05-26T19:03:22+00:00,200,0.034145,0.003746,0.032677,0.033990,257
2026-05-26T19:03:22+00:00,200,0.038546,0.004046,0.025781,0.038372,257
2026-05-26T19:03:22+00:00,200,0.032417,0.000532,0.031248,0.032287,257
2026-05-26T19:03:23+00:00,200,0.142006,0.016670,0.096343,0.141861,257
2026-05-26T19:03:23+00:00,200,0.155516,0.038350,0.130886,0.155272,257
2026-05-26T19:03:23+00:00,200,0.137149,0.007366,0.102940,0.136787,257
2026-05-26T19:03:23+00:00,200,0.142903,0.013411,0.128083,0.133799,257
2026-05-26T19:03:23+00:00,200,0.131677,0.006691,0.113423,0.131411,257
2026-05-26T19:03:24+00:00,200,0.163278,0.026464,0.142667,0.162861,257
2026-05-26T19:03:24+00:00,200,0.141895,0.022820,0.125008,0.141669,257
2026-05-26T19:03:24+00:00,200,0.151786,0.054280,0.119899,0.151674,257
2026-05-26T19:03:24+00:00,200,0.157396,0.052272,0.153317,0.157238,257
2026-05-26T19:03:24+00:00,200,0.107042,0.014670,0.085809,0.106804,257
2026-05-26T19:03:26+00:00,200,0.091081,0.023213,0.067538,0.090778,257
2026-05-26T19:03:26+00:00,200,0.098761,0.023018,0.097142,0.098630,257
2026-05-26T19:03:26+00:00,200,0.075184,0.006064,0.052732,0.075034,257
2026-05-26T19:03:26+00:00,200,0.082965,0.026041,0.064426,0.082841,257
2026-05-26T19:03:26+00:00,200,0.090296,0.024956,0.076452,0.090224,257
2026-05-26T19:03:27+00:00,200,0.056941,0.012915,0.040591,0.056887,257
2026-05-26T19:03:27+00:00,200,0.052432,0.015285,0.038014,0.052343,257
2026-05-26T19:03:27+00:00,200,0.045079,0.009889,0.033735,0.044985,257
2026-05-26T19:03:27+00:00,200,0.046701,0.008782,0.042992,0.046595,257
2026-05-26T19:03:27+00:00,200,0.040828,0.007849,0.032635,0.040670,257
2026-05-26T19:03:28+00:00,200,0.100908,0.005297,0.087350,0.100676,257
2026-05-26T19:03:28+00:00,200,0.103600,0.011860,0.079975,0.103397,257
2026-05-26T19:03:28+00:00,200,0.112758,0.021177,0.080351,0.112524,257
2026-05-26T19:03:28+00:00,200,0.121086,0.021030,0.080270,0.108704,257
2026-05-26T19:03:28+00:00,200,0.088418,0.000812,0.073647,0.088166,257
2026-05-26T19:03:30+00:00,200,0.136989,0.013039,0.105822,0.136871,257
2026-05-26T19:03:30+00:00,200,0.121066,0.008661,0.093779,0.095134,257
2026-05-26T19:03:30+00:00,200,0.133727,0.013717,0.107308,0.129124,257
2026-05-26T19:03:30+00:00,200,0.151453,0.022782,0.141397,0.151239,257
2026-05-26T19:03:30+00:00,200,0.125244,0.024348,0.123568,0.125115,257
2026-05-26T19:03:31+00:00,200,0.141230,0.037090,0.111845,0.141026,257
2026-05-26T19:03:31+00:00,200,0.128558,0.003334,0.116745,0.128364,257
2026-05-26T19:03:31+00:00,200,0.125593,0.006062,0.118581,0.125379,257
2026-05-26T19:03:31+00:00,200,0.148941,0.041194,0.123421,0.148732,257
2026-05-26T19:03:31+00:00,200,0.103463,0.015930,0.084614,0.103243,257
2026-05-26T19:03:33+00:00,200,0.084802,0.010877,0.064475,0.084633,257
2026-05-26T19:03:33+00:00,200,0.100733,0.036475,0.082391,0.100584,257
2026-05-26T19:03:33+00:00,200,0.070860,0.011010,0.062762,0.070555,257
2026-05-26T19:03:33+00:00,200,0.086221,0.024966,0.081766,0.086121,257
2026-05-26T19:03:33+00:00,200,0.075403,0.025322,0.074004,0.075263,257
2026-05-26T19:03:34+00:00,200,0.050735,0.006553,0.044787,0.050644,257
2026-05-26T19:03:34+00:00,200,0.059305,0.025699,0.057583,0.059223,257
2026-05-26T19:03:34+00:00,200,0.070923,0.047550,0.064666,0.070819,257
2026-05-26T19:03:34+00:00,200,0.056183,0.028959,0.051448,0.056119,257
2026-05-26T19:03:34+00:00,200,0.027128,0.011560,0.025367,0.027041,257
2026-05-26T19:03:35+00:00,200,0.140962,0.003780,0.087180,0.140784,257
2026-05-26T19:03:35+00:00,200,0.152939,0.014207,0.121822,0.152731,257
2026-05-26T19:03:35+00:00,200,0.159702,0.007285,0.113962,0.159319,257
2026-05-26T19:03:35+00:00,200,0.168005,0.010103,0.141007,0.167662,257
2026-05-26T19:03:35+00:00,200,0.202459,0.029467,0.174548,0.202302,257
2026-05-26T19:03:37+00:00,200,0.109047,0.014109,0.085825,0.108850,257
2026-05-26T19:03:37+00:00,200,0.117705,0.017031,0.109281,0.117491,257
2026-05-26T19:03:37+00:00,200,0.111679,0.002148,0.080463,0.104517,257
2026-05-26T19:03:37+00:00,200,0.126875,0.014849,0.118143,0.126635,257
2026-05-26T19:03:37+00:00,200,0.122029,0.014163,0.098256,0.121810,257
2026-05-26T19:03:38+00:00,200,0.112727,0.009007,0.080037,0.112499,257
2026-05-26T19:03:38+00:00,200,0.105016,0.016648,0.097251,0.104838,257
2026-05-26T19:03:38+00:00,200,0.082409,0.000922,0.056349,0.082211,257
2026-05-26T19:03:38+00:00,200,0.106826,0.010547,0.092744,0.106660,257
2026-05-26T19:03:38+00:00,200,0.141593,0.042081,0.115471,0.129049,257
2026-05-26T19:03:40+00:00,200,0.070363,0.007392,0.049442,0.070184,257
2026-05-26T19:03:40+00:00,200,0.086735,0.039799,0.075404,0.086597,257
2026-05-26T19:03:40+00:00,200,0.076764,0.024776,0.054528,0.076590,257
2026-05-26T19:03:40+00:00,200,0.060243,0.009841,0.041821,0.060109,257
2026-05-26T19:03:40+00:00,200,0.091436,0.036571,0.084835,0.091305,257
2026-05-26T19:03:41+00:00,200,0.026363,0.005610,0.017231,0.026275,257
2026-05-26T19:03:41+00:00,200,0.022134,0.003257,0.018189,0.022045,257
2026-05-26T19:03:41+00:00,200,0.035506,0.012124,0.033217,0.035425,257
2026-05-26T19:03:41+00:00,200,0.024678,0.006029,0.020717,0.024604,257
2026-05-26T19:03:41+00:00,200,0.019947,0.003642,0.016849,0.019837,257
2026-05-26T19:03:42+00:00,200,0.194278,0.027005,0.187539,0.194171,257
2026-05-26T19:03:42+00:00,200,0.151052,0.002503,0.131002,0.150825,257
2026-05-26T19:03:42+00:00,200,0.170717,0.006123,0.127212,0.129007,257
2026-05-26T19:03:42+00:00,200,0.185526,0.029054,0.135350,0.185280,257
2026-05-26T19:03:42+00:00,200,0.177550,0.007561,0.133278,0.177242,257
2026-05-26T19:03:44+00:00,200,0.166166,0.020035,0.154479,0.165935,257
2026-05-26T19:03:44+00:00,200,0.146986,0.002794,0.115764,0.146725,257
2026-05-26T19:03:44+00:00,200,0.165942,0.031710,0.147818,0.165800,257
2026-05-26T19:03:44+00:00,200,0.144195,0.020685,0.142336,0.143921,257
2026-05-26T19:03:44+00:00,200,0.156370,0.017495,0.136599,0.156084,257
2026-05-26T19:03:45+00:00,200,0.115092,0.040216,0.083068,0.114775,257
2026-05-26T19:03:45+00:00,200,0.102880,0.034564,0.077039,0.102720,257
2026-05-26T19:03:45+00:00,200,0.096001,0.032168,0.092770,0.095852,257
2026-05-26T19:03:45+00:00,200,0.094660,0.002855,0.076783,0.094224,257
2026-05-26T19:03:45+00:00,200,0.107601,0.014997,0.088256,0.107477,257
2026-05-26T19:03:47+00:00,200,0.059350,0.013617,0.039587,0.059224,257
2026-05-26T19:03:47+00:00,200,0.078113,0.028308,0.065872,0.077984,257
2026-05-26T19:03:47+00:00,200,0.030531,0.000564,0.021982,0.030407,257
2026-05-26T19:03:47+00:00,200,0.046667,0.013608,0.035642,0.046613,257
2026-05-26T19:03:47+00:00,200,0.071566,0.030548,0.056709,0.071515,257
2026-05-26T19:03:48+00:00,200,0.027400,0.006226,0.019299,0.027252,257
2026-05-26T19:03:48+00:00,200,0.018793,0.001337,0.014447,0.018737,257
2026-05-26T19:03:48+00:00,200,0.019123,0.001507,0.012346,0.018941,257
2026-05-26T19:03:48+00:00,200,0.029515,0.008113,0.020757,0.029448,257
2026-05-26T19:03:48+00:00,200,0.020009,0.004549,0.017157,0.019899,257
2026-05-26T19:03:49+00:00,200,0.168302,0.020593,0.143663,0.168027,257
2026-05-26T19:03:49+00:00,200,0.157359,0.002424,0.106667,0.153117,257
2026-05-26T19:03:49+00:00,200,0.151819,0.007904,0.130376,0.151580,257
2026-05-26T19:03:49+00:00,200,0.169492,0.028836,0.160830,0.169259,257
2026-05-26T19:03:49+00:00,200,0.146759,0.013213,0.112568,0.146458,257
2026-05-26T19:03:51+00:00,200,0.118421,0.005575,0.082992,0.118284,257
2026-05-26T19:03:51+00:00,200,0.147309,0.021956,0.129889,0.147066,257
2026-05-26T19:03:51+00:00,200,0.116595,0.008579,0.093160,0.116419,257
2026-05-26T19:03:51+00:00,200,0.148676,0.022960,0.133819,0.148438,257
2026-05-26T19:03:51+00:00,200,0.128967,0.022405,0.108190,0.128715,257
2026-05-26T19:03:52+00:00,200,0.103786,0.007395,0.096962,0.103589,257
2026-05-26T19:03:52+00:00,200,0.106098,0.007587,0.081133,0.105917,257
2026-05-26T19:03:52+00:00,200,0.094018,0.009001,0.073923,0.093925,257
2026-05-26T19:03:52+00:00,200,0.138547,0.046268,0.137125,0.138405,257
2026-05-26T19:03:52+00:00,200,0.097889,0.006258,0.076988,0.097660,257
2026-05-26T19:03:53+00:00,200,0.062124,0.013587,0.047347,0.061999,257
2026-05-26T19:03:53+00:00,200,0.070724,0.026652,0.069014,0.070647,257
2026-05-26T19:03:53+00:00,200,0.064703,0.017042,0.049478,0.064539,257
2026-05-26T19:03:53+00:00,200,0.049316,0.013807,0.037068,0.049082,257
2026-05-26T19:03:53+00:00,200,0.054685,0.003945,0.040780,0.054539,257
2026-05-26T19:03:55+00:00,200,0.036404,0.012479,0.029816,0.036268,257
2026-05-26T19:03:55+00:00,200,0.029953,0.005458,0.022208,0.029845,257
2026-05-26T19:03:55+00:00,200,0.024916,0.004252,0.022700,0.024836,257
2026-05-26T19:03:55+00:00,200,0.022646,0.004952,0.021070,0.022550,257
2026-05-26T19:03:55+00:00,200,0.026451,0.004968,0.022538,0.026297,257
2026-05-26T19:03:56+00:00,200,0.179107,0.029037,0.144281,0.178979,257
2026-05-26T19:03:56+00:00,200,0.171700,0.015526,0.155194,0.171476,257
2026-05-26T19:03:56+00:00,200,0.160860,0.018964,0.137275,0.160619,257
2026-05-26T19:03:56+00:00,200,0.157481,0.003358,0.115941,0.157279,257
2026-05-26T19:03:56+00:00,200,0.175955,0.037611,0.167067,0.175762,257
2026-05-26T19:03:57+00:00,200,0.114436,0.014248,0.097785,0.114173,257
2026-05-26T19:03:57+00:00,200,0.147549,0.041663,0.103414,0.132219,257
2026-05-26T19:03:57+00:00,200,0.130433,0.004290,0.100173,0.130295,257
2026-05-26T19:03:57+00:00,200,0.115479,0.008915,0.112652,0.115355,257
2026-05-26T19:03:57+00:00,200,0.135322,0.025492,0.088093,0.135114,257
2026-05-26T19:03:59+00:00,200,0.091911,0.007507,0.061803,0.091695,257
2026-05-26T19:03:59+00:00,200,0.094290,0.021311,0.075736,0.093976,257
2026-05-26T19:03:59+00:00,200,0.104883,0.017465,0.079798,0.104700,257
2026-05-26T19:03:59+00:00,200,0.103577,0.016673,0.088637,0.103231,257
2026-05-26T19:03:59+00:00,200,0.109458,0.035250,0.086788,0.109267,257
2026-05-26T19:04:00+00:00,200,0.061192,0.002858,0.045275,0.061025,257
2026-05-26T19:04:00+00:00,200,0.080108,0.038613,0.067334,0.080025,257
2026-05-26T19:04:00+00:00,200,0.065902,0.013587,0.061782,0.065733,257
2026-05-26T19:04:00+00:00,200,0.065088,0.027192,0.056589,0.064765,257
2026-05-26T19:04:00+00:00,200,0.077347,0.021427,0.065223,0.077311,257
2026-05-26T19:04:01+00:00,200,0.026942,0.003099,0.019630,0.026799,257
2026-05-26T19:04:01+00:00,200,0.024779,0.000515,0.017849,0.024643,257
2026-05-26T19:04:01+00:00,200,0.028483,0.003179,0.020820,0.028337,257
2026-05-26T19:04:01+00:00,200,0.033016,0.012347,0.027372,0.032920,257
2026-05-26T19:04:01+00:00,200,0.033788,0.015097,0.032218,0.033723,257
2026-05-26T19:04:03+00:00,200,0.132636,0.026074,0.103937,0.132431,257
2026-05-26T19:04:03+00:00,200,0.107525,0.007744,0.102372,0.107349,257
2026-05-26T19:04:03+00:00,200,0.119715,0.010171,0.117080,0.119580,257
2026-05-26T19:04:03+00:00,200,0.132334,0.032485,0.107843,0.132101,257
2026-05-26T19:04:03+00:00,200,0.120361,0.024099,0.095290,0.120121,257
2026-05-26T19:04:04+00:00,200,0.119568,0.025116,0.087569,0.119291,257
2026-05-26T19:04:04+00:00,200,0.123232,0.006759,0.097226,0.123003,257
2026-05-26T19:04:04+00:00,200,0.145800,0.026080,0.117973,0.145596,257
2026-05-26T19:04:04+00:00,200,0.111769,0.007453,0.100491,0.111543,257
2026-05-26T19:04:04+00:00,200,0.144548,0.031178,0.130556,0.144385,257
2026-05-26T19:04:06+00:00,200,0.090426,0.018024,0.082746,0.090265,257
2026-05-26T19:04:06+00:00,200,0.104746,0.022993,0.076112,0.104568,257
2026-05-26T19:04:06+00:00,200,0.091417,0.020215,0.082079,0.091203,257
2026-05-26T19:04:06+00:00,200,0.099501,0.017294,0.098126,0.099291,257
2026-05-26T19:04:06+00:00,200,0.082188,0.003959,0.066221,0.076801,257
2026-05-26T19:04:07+00:00,200,0.064836,0.020606,0.049688,0.064730,257
2026-05-26T19:04:07+00:00,200,0.058422,0.006428,0.025978,0.040524,257
2026-05-26T19:04:07+00:00,200,0.058174,0.011706,0.047484,0.058116,257
2026-05-26T19:04:07+00:00,200,0.046882,0.010277,0.032141,0.046473,257
2026-05-26T19:04:07+00:00,200,0.055905,0.024246,0.051045,0.055809,257
2026-05-26T19:04:08+00:00,200,0.036169,0.004478,0.033141,0.036000,257
2026-05-26T19:04:08+00:00,200,0.035049,0.002251,0.029693,0.034904,257
2026-05-26T19:04:08+00:00,200,0.040452,0.010093,0.037004,0.040221,257
2026-05-26T19:04:08+00:00,200,0.035788,0.008864,0.026643,0.035637,257
2026-05-26T19:04:08+00:00,200,0.042055,0.013738,0.034502,0.041899,257
2026-05-26T19:04:09+00:00,200,0.128371,0.017406,0.108138,0.128223,257
2026-05-26T19:04:09+00:00,200,0.119979,0.020271,0.105600,0.119773,257
2026-05-26T19:04:09+00:00,200,0.109563,0.016648,0.088963,0.109362,257
2026-05-26T19:04:09+00:00,200,0.109785,0.012930,0.102659,0.109658,257
2026-05-26T19:04:09+00:00,200,0.125100,0.019709,0.112758,0.124929,257
2026-05-26T19:04:11+00:00,200,0.110004,0.001089,0.096170,0.109776,257
2026-05-26T19:04:11+00:00,200,0.110091,0.008492,0.079390,0.109628,257
2026-05-26T19:04:11+00:00,200,0.125586,0.033343,0.108259,0.125394,257
2026-05-26T19:04:11+00:00,200,0.119460,0.023932,0.089566,0.119241,257
2026-05-26T19:04:11+00:00,200,0.137337,0.045326,0.114785,0.137169,257
